frase,label
"Lançar cobrança para João no valor de R$ 3399,97",Cobrança
Gerar cobrança automática de R$ 3108,Cobrança
Cobrar R$ 4554 à vista amanhã,Cobrança
"Passe a cobrança de R$ 9,50 para o cliente",Cobrança
Cobrar R$ 541 à vista amanhã,Cobrança
Cobrar R$ 2597 à vista amanhã,Cobrança
"Gerar cobrança automática de R$ 721,97",Cobrança
"Cobra o pagamento de R$ 1578,98 em 12 parcelas",Cobrança
"Passe a cobrança de R$ 2567,81 para o cliente",Cobrança
"Passe a cobrança de R$ 87,34 para o cliente",Cobrança
Passe a fatura de R$ 800 no cartão,Cobrança
"Emitir cobrança no valor de R$ 2115,12",Cobrança
Lançar cobrança para João no valor de R$ 2665,Cobrança
"Cobra o pagamento de R$ 2643,21 em 5 parcelas",Cobrança
Lançar cobrança para João no valor de R$ 3211,Cobrança
Passe a cobrança de R$ 4368 para o cliente,Cobrança
"Cobrar R$ 4503,39 à vista amanhã",Cobrança
Passe a cobrança de R$ 4586 para o cliente,Cobrança
Cobra o pagamento de R$ 92 em 1 parcelas,Cobrança
"Cobra R$ 88,23 pela manutenção",Cobrança
"Cobrar taxa de R$ 2397,68 pela entrega",Cobrança
Lançar cobrança para João no valor de R$ 2185,Cobrança
Cobrar o valor total de R$ 3607,Cobrança
Emitir cobrança no valor de R$ 3559,Cobrança
Cobra o valor de R$ 2563 em 2x,Cobrança
"Cobra o valor de R$ 4939,81 em 1x",Cobrança
"Passe a fatura de R$ 4903,55 no cartão",Cobrança
"Lançar cobrança para João no valor de R$ 1376,94",Cobrança
Cobrar taxa de R$ 3898 pela entrega,Cobrança
Lançar cobrança para João no valor de R$ 2698,Cobrança
"Cobra R$ 1145,61 pela manutenção",Cobrança
"Cobrar taxa de R$ 912,60 pela entrega",Cobrança
Cobra o valor de R$ 1901 em 4x,Cobrança
Cobra o valor de R$ 1062 em 2x,Cobrança
"Emitir cobrança no valor de R$ 2496,63",Cobrança
"Cobra o pagamento de R$ 1781,83 em 1 parcelas",Cobrança
"Cobrar a quantia de R$ 442,39 referente ao serviço",Cobrança
"Cobra R$ 1126,83 pela manutenção",Cobrança
Cobrar o valor total de R$ 4881,Cobrança
"Emitir cobrança no valor de R$ 3911,40",Cobrança
"Cobrar taxa de R$ 60,81 pela entrega",Cobrança
"Cobrar taxa de R$ 4783,53 pela entrega",Cobrança
"Cobra R$ 1697,53 pela manutenção",Cobrança
Emitir cobrança no valor de R$ 2901,Cobrança
Cobra R$ 3740 pela manutenção,Cobrança
Passe a cobrança de R$ 1171 para o cliente,Cobrança
"Cobrar R$ 4807,91 à vista amanhã",Cobrança
"Lançar cobrança para João no valor de R$ 445,44",Cobrança
"Lançar cobrança para João no valor de R$ 4369,79",Cobrança
Lançar cobrança para João no valor de R$ 3691,Cobrança
"Cobra R$ 2069,75 pela manutenção",Cobrança
"Cobrar o valor total de R$ 1915,44",Cobrança
Cobra o valor de R$ 1954 em 4x,Cobrança
"Cobrar o valor total de R$ 3782,12",Cobrança
Gerar cobrança automática de R$ 2450,Cobrança
"Cobrar R$ 1330,81 à vista amanhã",Cobrança
"Cobrar taxa de R$ 3027,22 pela entrega",Cobrança
"Cobra o pagamento de R$ 2838,39 em 5 parcelas",Cobrança
Cobrar taxa de R$ 4757 pela entrega,Cobrança
"Emitir cobrança no valor de R$ 271,28",Cobrança
Passe a cobrança de R$ 3269 para o cliente,Cobrança
"Passe a fatura de R$ 531,97 no cartão",Cobrança
"Emitir cobrança no valor de R$ 3513,67",Cobrança
"Passe a fatura de R$ 4885,82 no cartão",Cobrança
"Gerar cobrança automática de R$ 1831,81",Cobrança
"Cobrar taxa de R$ 1303,63 pela entrega",Cobrança
Cobrar R$ 3289 à vista amanhã,Cobrança
Emitir cobrança no valor de R$ 431,Cobrança
Cobra R$ 4492 pela manutenção,Cobrança
Cobra o valor de R$ 3890 em 9x,Cobrança
Emitir cobrança no valor de R$ 3920,Cobrança
"Cobrar R$ 2659,31 à vista amanhã",Cobrança
Cobra o valor de R$ 2738 em 2x,Cobrança
Cobra o pagamento de R$ 2213 em 3 parcelas,Cobrança
Cobra R$ 879 pela manutenção,Cobrança
"Cobrar R$ 1049,85 à vista amanhã",Cobrança
Lançar cobrança para João no valor de R$ 4924,Cobrança
Emitir cobrança no valor de R$ 479,Cobrança
"Cobra o valor de R$ 2701,17 em 6x",Cobrança
"Passe a cobrança de R$ 2411,94 para o cliente",Cobrança
Cobrar o valor total de R$ 3248,Cobrança
Cobrar a quantia de R$ 4437 referente ao serviço,Cobrança
"Cobrar taxa de R$ 3467,50 pela entrega",Cobrança
Gerar cobrança automática de R$ 709,Cobrança
Cobrar R$ 77 à vista amanhã,Cobrança
"Gerar cobrança automática de R$ 2625,37",Cobrança
"Lançar cobrança para João no valor de R$ 640,82",Cobrança
Passe a cobrança de R$ 3705 para o cliente,Cobrança
Lançar cobrança para João no valor de R$ 4388,Cobrança
Cobrar R$ 2517 à vista amanhã,Cobrança
"Cobrar taxa de R$ 4858,84 pela entrega",Cobrança
"Passe a cobrança de R$ 730,21 para o cliente",Cobrança
"Cobrar a quantia de R$ 2513,19 referente ao serviço",Cobrança
Passe a cobrança de R$ 1530 para o cliente,Cobrança
Cobrar a quantia de R$ 2225 referente ao serviço,Cobrança
Emitir cobrança no valor de R$ 3986,Cobrança
"Cobrar taxa de R$ 4574,14 pela entrega",Cobrança
Cobrar a quantia de R$ 1643 referente ao serviço,Cobrança
Passe a fatura de R$ 2879 no cartão,Cobrança
Cobra R$ 4881 pela manutenção,Cobrança
"Cobra o valor de R$ 2002,59 em 9x",Cobrança
"Cobra R$ 3875,84 pela manutenção",Cobrança
"Passe a cobrança de R$ 3327,50 para o cliente",Cobrança
"Cobrar taxa de R$ 1150,51 pela entrega",Cobrança
Cobra o pagamento de R$ 3295 em 2 parcelas,Cobrança
Lançar cobrança para João no valor de R$ 3490,Cobrança
Passe a cobrança de R$ 4399 para o cliente,Cobrança
"Cobrar o valor total de R$ 2856,81",Cobrança
Cobra o valor de R$ 2329 em 7x,Cobrança
Cobra o pagamento de R$ 712 em 12 parcelas,Cobrança
"Lançar cobrança para João no valor de R$ 3637,90",Cobrança
"Cobra R$ 941,39 pela manutenção",Cobrança
"Lançar cobrança para João no valor de R$ 3368,58",Cobrança
"Cobra o pagamento de R$ 166,26 em 10 parcelas",Cobrança
"Cobra o pagamento de R$ 3647,71 em 3 parcelas",Cobrança
"Emitir cobrança no valor de R$ 2819,36",Cobrança
Cobra o pagamento de R$ 4270 em 9 parcelas,Cobrança
"Passe a fatura de R$ 4365,66 no cartão",Cobrança
"Cobrar taxa de R$ 2198,52 pela entrega",Cobrança
"Lançar cobrança para João no valor de R$ 4632,89",Cobrança
"Cobra o pagamento de R$ 4377,41 em 11 parcelas",Cobrança
Passe a fatura de R$ 1416 no cartão,Cobrança
"Cobra o pagamento de R$ 398,24 em 4 parcelas",Cobrança
"Cobra o pagamento de R$ 474,20 em 12 parcelas",Cobrança
Cobrar a quantia de R$ 361 referente ao serviço,Cobrança
"Lançar cobrança para João no valor de R$ 1354,20",Cobrança
Cobrar o valor total de R$ 4449,Cobrança
Gerar cobrança automática de R$ 2838,Cobrança
"Cobra R$ 4418,93 pela manutenção",Cobrança
"Cobra o valor de R$ 1635,36 em 10x",Cobrança
"Emitir cobrança no valor de R$ 162,24",Cobrança
Cobrar R$ 4412 à vista amanhã,Cobrança
Cobrar R$ 2685 à vista amanhã,Cobrança
"Passe a fatura de R$ 297,86 no cartão",Cobrança
"Lançar cobrança para João no valor de R$ 2120,60",Cobrança
"Cobra R$ 2264,19 pela manutenção",Cobrança
"Cobra o valor de R$ 4759,90 em 11x",Cobrança
"Passe a cobrança de R$ 4941,19 para o cliente",Cobrança
"Gerar cobrança automática de R$ 1698,11",Cobrança
"Passe a fatura de R$ 3506,55 no cartão",Cobrança
"Cobrar o valor total de R$ 1779,62",Cobrança
"Cobrar taxa de R$ 3602,85 pela entrega",Cobrança
Cobrar a quantia de R$ 523 referente ao serviço,Cobrança
Cobrar a quantia de R$ 1685 referente ao serviço,Cobrança
Passe a cobrança de R$ 3399 para o cliente,Cobrança
Cobrar a quantia de R$ 926 referente ao serviço,Cobrança
Emitir cobrança no valor de R$ 2095,Cobrança
Gerar cobrança automática de R$ 488,Cobrança
Cobrar o valor total de R$ 235,Cobrança
"Lançar cobrança para João no valor de R$ 3219,76",Cobrança
Lançar cobrança para João no valor de R$ 1250,Cobrança
"Cobrar R$ 2627,53 à vista amanhã",Cobrança
"Passe a fatura de R$ 2883,34 no cartão",Cobrança
"Passe a cobrança de R$ 937,48 para o cliente",Cobrança
"Lançar cobrança para João no valor de R$ 822,62",Cobrança
Cobra R$ 4919 pela manutenção,Cobrança
"Cobra o pagamento de R$ 3265,70 em 3 parcelas",Cobrança
"Cobrar o valor total de R$ 3904,48",Cobrança
Passe a fatura de R$ 1128 no cartão,Cobrança
Passe a cobrança de R$ 1767 para o cliente,Cobrança
Passe a cobrança de R$ 284 para o cliente,Cobrança
Cobra R$ 3477 pela manutenção,Cobrança
Cobrar taxa de R$ 2008 pela entrega,Cobrança
"Cobra o valor de R$ 4884,74 em 12x",Cobrança
Gerar cobrança automática de R$ 3917,Cobrança
Cobra o pagamento de R$ 4263 em 10 parcelas,Cobrança
Cobra R$ 1304 pela manutenção,Cobrança
Cobra o pagamento de R$ 2345 em 11 parcelas,Cobrança
"Cobra o valor de R$ 2979,30 em 9x",Cobrança
"Passe a cobrança de R$ 3449,55 para o cliente",Cobrança
Cobra o pagamento de R$ 125 em 1 parcelas,Cobrança
Cobrar taxa de R$ 1828 pela entrega,Cobrança
"Gerar cobrança automática de R$ 4726,10",Cobrança
"Cobra o pagamento de R$ 4140,77 em 3 parcelas",Cobrança
Passe a fatura de R$ 2850 no cartão,Cobrança
Passe a fatura de R$ 3929 no cartão,Cobrança
Cobra R$ 276 pela manutenção,Cobrança
Emitir cobrança no valor de R$ 4233,Cobrança
Passe a fatura de R$ 2888 no cartão,Cobrança
Cobrar a quantia de R$ 4085 referente ao serviço,Cobrança
Cobra o valor de R$ 558 em 2x,Cobrança
Passe a fatura de R$ 4560 no cartão,Cobrança
"Cobrar o valor total de R$ 3007,64",Cobrança
Cobra R$ 4163 pela manutenção,Cobrança
Gerar cobrança automática de R$ 581,Cobrança
"Passe a cobrança de R$ 4926,22 para o cliente",Cobrança
"Emitir cobrança no valor de R$ 953,41",Cobrança
Cobrar a quantia de R$ 1902 referente ao serviço,Cobrança
Cobra o pagamento de R$ 2934 em 1 parcelas,Cobrança
"Emitir cobrança no valor de R$ 794,52",Cobrança
Cobra R$ 4578 pela manutenção,Cobrança
"Cobra R$ 3599,18 pela manutenção",Cobrança
"Cobrar a quantia de R$ 3761,27 referente ao serviço",Cobrança
Cobrar a quantia de R$ 2222 referente ao serviço,Cobrança
"Cobra o valor de R$ 2803,91 em 2x",Cobrança
"Lançar cobrança para João no valor de R$ 3380,92",Cobrança
"Cobrar R$ 4848,15 à vista amanhã",Cobrança
"Emitir cobrança no valor de R$ 4675,93",Cobrança
Cobrar taxa de R$ 4918 pela entrega,Cobrança
"Cobrar R$ 3943,12 à vista amanhã",Cobrança
"Cobrar R$ 4392,54 à vista amanhã",Cobrança
Cobra o pagamento de R$ 1494 em 1 parcelas,Cobrança
"Gerar cobrança automática de R$ 4086,31",Cobrança
"Cobra o pagamento de R$ 2807,89 em 5 parcelas",Cobrança
"Cobrar a quantia de R$ 1402,77 referente ao serviço",Cobrança
"Lançar cobrança para João no valor de R$ 2836,71",Cobrança
Passe a fatura de R$ 2976 no cartão,Cobrança
"Cobrar a quantia de R$ 3114,51 referente ao serviço",Cobrança
"Passe a fatura de R$ 3897,41 no cartão",Cobrança
Cobrar taxa de R$ 3753 pela entrega,Cobrança
"Emitir cobrança no valor de R$ 3581,83",Cobrança
"Passe a fatura de R$ 4058,84 no cartão",Cobrança
Cobra o pagamento de R$ 398 em 8 parcelas,Cobrança
"Emitir cobrança no valor de R$ 2194,43",Cobrança
Lançar cobrança para João no valor de R$ 2563,Cobrança
"Passe a fatura de R$ 4688,94 no cartão",Cobrança
"Gerar cobrança automática de R$ 4476,27",Cobrança
"Cobra R$ 1559,84 pela manutenção",Cobrança
Passe a cobrança de R$ 4354 para o cliente,Cobrança
Lançar cobrança para João no valor de R$ 1883,Cobrança
"Cobra o pagamento de R$ 2516,80 em 4 parcelas",Cobrança
"Cobrar taxa de R$ 3769,85 pela entrega",Cobrança
Lançar cobrança para João no valor de R$ 315,Cobrança
"Cobra R$ 4375,93 pela manutenção",Cobrança
"Passe a cobrança de R$ 4868,50 para o cliente",Cobrança
Passe a cobrança de R$ 4150 para o cliente,Cobrança
Passe a fatura de R$ 1522 no cartão,Cobrança
"Cobra o pagamento de R$ 2197,10 em 3 parcelas",Cobrança
Passe a fatura de R$ 562 no cartão,Cobrança
Gerar cobrança automática de R$ 4193,Cobrança
"Cobra o pagamento de R$ 744,47 em 7 parcelas",Cobrança
"Cobra o pagamento de R$ 3676,27 em 4 parcelas",Cobrança
Cobrar taxa de R$ 4354 pela entrega,Cobrança
"Cobrar o valor total de R$ 1792,73",Cobrança
Cobra o pagamento de R$ 4854 em 1 parcelas,Cobrança
Cobrar a quantia de R$ 2312 referente ao serviço,Cobrança
Cobra R$ 1002 pela manutenção,Cobrança
"Passe a fatura de R$ 2614,93 no cartão",Cobrança
Cobrar R$ 239 à vista amanhã,Cobrança
"Cobra R$ 3359,62 pela manutenção",Cobrança
"Cobrar o valor total de R$ 3118,59",Cobrança
"Emitir cobrança no valor de R$ 2302,43",Cobrança
Cobrar o valor total de R$ 608,Cobrança
"Passe a cobrança de R$ 2678,75 para o cliente",Cobrança
"Cobra o valor de R$ 947,43 em 11x",Cobrança
"Cobra o valor de R$ 4385,44 em 10x",Cobrança
"Cobra R$ 2210,30 pela manutenção",Cobrança
"Cobra o valor de R$ 4775,60 em 11x",Cobrança
Cobrar o valor total de R$ 4747,Cobrança
"Emitir cobrança no valor de R$ 4893,85",Cobrança
Passe a cobrança de R$ 3412 para o cliente,Cobrança
Cobrar taxa de R$ 380 pela entrega,Cobrança
"Passe a fatura de R$ 1860,11 no cartão",Cobrança
Cobrar R$ 1189 à vista amanhã,Cobrança
Cobra R$ 611 pela manutenção,Cobrança
Cobrar taxa de R$ 3500 pela entrega,Cobrança
"Cobra R$ 379,53 pela manutenção",Cobrança
"Cobra o valor de R$ 4605,31 em 3x",Cobrança
"Passe a fatura de R$ 2617,59 no cartão",Cobrança
Gerar cobrança automática de R$ 3662,Cobrança
"Passe a fatura de R$ 510,54 no cartão",Cobrança
Cobrar o valor total de R$ 3851,Cobrança
Passe a cobrança de R$ 3346 para o cliente,Cobrança
Cobra o pagamento de R$ 2499 em 8 parcelas,Cobrança
"Cobrar taxa de R$ 794,87 pela entrega",Cobrança
"Emitir cobrança no valor de R$ 2289,93",Cobrança
Passe a cobrança de R$ 2301 para o cliente,Cobrança
"Passe a fatura de R$ 466,63 no cartão",Cobrança
Emitir cobrança no valor de R$ 3111,Cobrança
"Cobra o valor de R$ 4468,93 em 10x",Cobrança
"Emitir cobrança no valor de R$ 77,89",Cobrança
Cobra R$ 2977 pela manutenção,Cobrança
"Passe a fatura de R$ 4421,89 no cartão",Cobrança
"Passe a fatura de R$ 542,13 no cartão",Cobrança
"Cobrar taxa de R$ 2792,38 pela entrega",Cobrança
"Cobra o valor de R$ 4896,78 em 11x",Cobrança
"Emitir cobrança no valor de R$ 547,11",Cobrança
Cobra o valor de R$ 1890 em 4x,Cobrança
"Passe a fatura de R$ 1793,57 no cartão",Cobrança
Gerar cobrança automática de R$ 3240,Cobrança
"Emitir cobrança no valor de R$ 351,33",Cobrança
Cobra o valor de R$ 523 em 2x,Cobrança
"Passe a fatura de R$ 855,34 no cartão",Cobrança
"Cobrar o valor total de R$ 3370,68",Cobrança
"Cobra R$ 3193,48 pela manutenção",Cobrança
"Cobrar o valor total de R$ 1328,92",Cobrança
"Cobra o pagamento de R$ 2960,59 em 3 parcelas",Cobrança
"Passe a cobrança de R$ 4277,44 para o cliente",Cobrança
Cobrar R$ 4129 à vista amanhã,Cobrança
Passe a cobrança de R$ 1682 para o cliente,Cobrança
Cobrar o valor total de R$ 1925,Cobrança
"Cobra o pagamento de R$ 2332,64 em 4 parcelas",Cobrança
"Cobrar taxa de R$ 2897,69 pela entrega",Cobrança
"Gerar cobrança automática de R$ 1319,15",Cobrança
"Cobra R$ 639,28 pela manutenção",Cobrança
"Passe a cobrança de R$ 599,91 para o cliente",Cobrança
Emitir cobrança no valor de R$ 4722,Cobrança
Passe a fatura de R$ 2511 no cartão,Cobrança
Emitir cobrança no valor de R$ 1251,Cobrança
"Cobrar o valor total de R$ 1217,45",Cobrança
Cobra o valor de R$ 369 em 7x,Cobrança
Cobrar taxa de R$ 1194 pela entrega,Cobrança
Cobra R$ 3996 pela manutenção,Cobrança
"Emitir cobrança no valor de R$ 3517,24",Cobrança
"Cobra o valor de R$ 4304,17 em 5x",Cobrança
Cobra o valor de R$ 2848 em 1x,Cobrança
"Cobra o pagamento de R$ 3780,20 em 8 parcelas",Cobrança
Lançar cobrança para João no valor de R$ 2052,Cobrança
Passe a cobrança de R$ 1263 para o cliente,Cobrança
"Cobrar o valor total de R$ 4643,20",Cobrança
Emitir cobrança no valor de R$ 4322,Cobrança
Gerar cobrança automática de R$ 2014,Cobrança
Cobrar o valor total de R$ 3560,Cobrança
Lançar cobrança para João no valor de R$ 1373,Cobrança
"Emitir cobrança no valor de R$ 1437,89",Cobrança
"Cobra R$ 1557,23 pela manutenção",Cobrança
"Cobrar o valor total de R$ 280,98",Cobrança
"Passe a fatura de R$ 4172,30 no cartão",Cobrança
Cobrar taxa de R$ 3207 pela entrega,Cobrança
Cobra o pagamento de R$ 3604 em 9 parcelas,Cobrança
Cobra o valor de R$ 2448 em 6x,Cobrança
"Cobra R$ 3976,63 pela manutenção",Cobrança
Lançar cobrança para João no valor de R$ 3701,Cobrança
"Passe a fatura de R$ 3469,23 no cartão",Cobrança
Cobra o pagamento de R$ 4460 em 7 parcelas,Cobrança
"Cobra R$ 4012,62 pela manutenção",Cobrança
"Cobra o valor de R$ 1898,61 em 6x",Cobrança
"Cobra o pagamento de R$ 1652,57 em 3 parcelas",Cobrança
Cobra R$ 3890 pela manutenção,Cobrança
Passe a cobrança de R$ 4958 para o cliente,Cobrança
"Cobra R$ 532,37 pela manutenção",Cobrança
Cobrar a quantia de R$ 769 referente ao serviço,Cobrança
Passe a fatura de R$ 3485 no cartão,Cobrança
"Passe a fatura de R$ 360,99 no cartão",Cobrança
Cobra o pagamento de R$ 1033 em 4 parcelas,Cobrança
Cobra o pagamento de R$ 4960 em 2 parcelas,Cobrança
Cobrar o valor total de R$ 331,Cobrança
Cobrar R$ 567 à vista amanhã,Cobrança
"Cobra o valor de R$ 3761,88 em 9x",Cobrança
Cobrar o valor total de R$ 2598,Cobrança
Cobra R$ 1571 pela manutenção,Cobrança
"Passe a fatura de R$ 1239,46 no cartão",Cobrança
Emitir cobrança no valor de R$ 3687,Cobrança
"Cobrar o valor total de R$ 4806,21",Cobrança
Lançar cobrança para João no valor de R$ 3470,Cobrança
"Emitir cobrança no valor de R$ 461,73",Cobrança
Passe a fatura de R$ 1919 no cartão,Cobrança
Passe a cobrança de R$ 301 para o cliente,Cobrança
Cobra o pagamento de R$ 86 em 11 parcelas,Cobrança
Gerar cobrança automática de R$ 1781,Cobrança
Lançar cobrança para João no valor de R$ 813,Cobrança
Gerar cobrança automática de R$ 3081,Cobrança
Passe a fatura de R$ 3714 no cartão,Cobrança
"Cobra R$ 655,92 pela manutenção",Cobrança
"Gerar cobrança automática de R$ 1575,14",Cobrança
Cobrar o valor total de R$ 2042,Cobrança
"Cobra R$ 427,50 pela manutenção",Cobrança
"Cobrar a quantia de R$ 4565,24 referente ao serviço",Cobrança
Gerar cobrança automática de R$ 2684,Cobrança
"Gerar cobrança automática de R$ 3564,19",Cobrança
"Lançar cobrança para João no valor de R$ 1650,59",Cobrança
"Passe a fatura de R$ 3058,87 no cartão",Cobrança
Cobra o pagamento de R$ 1106 em 3 parcelas,Cobrança
Cobra o valor de R$ 2546 em 1x,Cobrança
"Emitir cobrança no valor de R$ 2212,35",Cobrança
Cobrar a quantia de R$ 1061 referente ao serviço,Cobrança
Cobrar taxa de R$ 2474 pela entrega,Cobrança
Passe a fatura de R$ 3647 no cartão,Cobrança
"Cobrar R$ 482,16 à vista amanhã",Cobrança
"Cobra o valor de R$ 3589,10 em 9x",Cobrança
Cobra R$ 3152 pela manutenção,Cobrança
"Gerar cobrança automática de R$ 3472,30",Cobrança
"Cobrar taxa de R$ 4003,16 pela entrega",Cobrança
Passe a fatura de R$ 962 no cartão,Cobrança
Lançar cobrança para João no valor de R$ 3999,Cobrança
"Cobra o pagamento de R$ 160,90 em 8 parcelas",Cobrança
"Lançar cobrança para João no valor de R$ 1756,28",Cobrança
"Cobra o valor de R$ 3467,15 em 5x",Cobrança
Cobrar o valor total de R$ 2685,Cobrança
"Cobra R$ 3251,29 pela manutenção",Cobrança
Cobra o pagamento de R$ 3391 em 7 parcelas,Cobrança
Cobra o pagamento de R$ 3023 em 9 parcelas,Cobrança
"Emitir cobrança no valor de R$ 1688,62",Cobrança
"Cobrar a quantia de R$ 1434,42 referente ao serviço",Cobrança
"Passe a fatura de R$ 3059,63 no cartão",Cobrança
"Lançar cobrança para João no valor de R$ 3439,72",Cobrança
Lançar cobrança para João no valor de R$ 4426,Cobrança
"Passe a fatura de R$ 3920,43 no cartão",Cobrança
"Cobra R$ 659,96 pela manutenção",Cobrança
Gerar cobrança automática de R$ 4822,Cobrança
Cobra o pagamento de R$ 4624 em 1 parcelas,Cobrança
Gerar cobrança automática de R$ 2860,Cobrança
"Cobra R$ 2616,51 pela manutenção",Cobrança
"Lançar cobrança para João no valor de R$ 3911,90",Cobrança
"Lançar cobrança para João no valor de R$ 3305,22",Cobrança
Cobra o pagamento de R$ 2020 em 6 parcelas,Cobrança
"Passe a cobrança de R$ 2575,61 para o cliente",Cobrança
Emitir cobrança no valor de R$ 2929,Cobrança
"Cobra R$ 4934,16 pela manutenção",Cobrança
Passe a fatura de R$ 4613 no cartão,Cobrança
"Passe a cobrança de R$ 1126,41 para o cliente",Cobrança
"Lançar cobrança para João no valor de R$ 999,33",Cobrança
"Cobra R$ 1145,52 pela manutenção",Cobrança
Cobra R$ 422 pela manutenção,Cobrança
"Cobra o valor de R$ 3568,56 em 10x",Cobrança
Cobrar taxa de R$ 1449 pela entrega,Cobrança
"Emitir cobrança no valor de R$ 1608,12",Cobrança
Cobrar taxa de R$ 4695 pela entrega,Cobrança
Emitir cobrança no valor de R$ 3751,Cobrança
"Cobrar o valor total de R$ 3312,41",Cobrança
Cobra o valor de R$ 4664 em 7x,Cobrança
"Passe a fatura de R$ 318,89 no cartão",Cobrança
"Passe a fatura de R$ 4576,30 no cartão",Cobrança
"Cobrar R$ 2574,94 à vista amanhã",Cobrança
Gerar cobrança automática de R$ 3025,Cobrança
Cobrar o valor total de R$ 4109,Cobrança
Lançar cobrança para João no valor de R$ 161,Cobrança
Cobra o pagamento de R$ 1088 em 8 parcelas,Cobrança
Cobrar a quantia de R$ 1774 referente ao serviço,Cobrança
Lançar cobrança para João no valor de R$ 1042,Cobrança
Cobra o pagamento de R$ 2571 em 10 parcelas,Cobrança
Lançar cobrança para João no valor de R$ 3771,Cobrança
"Cobra o valor de R$ 1607,11 em 9x",Cobrança
"Cobra o valor de R$ 2726,77 em 1x",Cobrança
"Passe a fatura de R$ 386,53 no cartão",Cobrança
"Cobrar o valor total de R$ 2303,19",Cobrança
"Passe a fatura de R$ 2421,63 no cartão",Cobrança
"Gerar cobrança automática de R$ 2666,57",Cobrança
Passe a cobrança de R$ 2388 para o cliente,Cobrança
"Cobrar o valor total de R$ 2083,40",Cobrança
"Cobrar o valor total de R$ 4231,18",Cobrança
Cobrar o valor total de R$ 3325,Cobrança
"Cobra o valor de R$ 270,38 em 11x",Cobrança
"Gerar cobrança automática de R$ 1213,93",Cobrança
Cobra o valor de R$ 4344 em 8x,Cobrança
"Emitir cobrança no valor de R$ 960,94",Cobrança
"Cobrar taxa de R$ 77,10 pela entrega",Cobrança
"Cobrar taxa de R$ 1032,81 pela entrega",Cobrança
Cobra o valor de R$ 4944 em 6x,Cobrança
Passe a cobrança de R$ 515 para o cliente,Cobrança
Cobrar o valor total de R$ 2926,Cobrança
"Passe a cobrança de R$ 950,88 para o cliente",Cobrança
Cobrar taxa de R$ 779 pela entrega,Cobrança
Lançar cobrança para João no valor de R$ 622,Cobrança
Lançar cobrança para João no valor de R$ 1947,Cobrança
"Passe a cobrança de R$ 2912,25 para o cliente",Cobrança
Cobrar R$ 548 à vista amanhã,Cobrança
Passe a fatura de R$ 1002 no cartão,Cobrança
"Emitir cobrança no valor de R$ 906,72",Cobrança
Cobrar o valor total de R$ 2502,Cobrança
Passe a cobrança de R$ 4379 para o cliente,Cobrança
"Cobra o valor de R$ 394,67 em 2x",Cobrança
Cobrar taxa de R$ 175 pela entrega,Cobrança
"Gerar cobrança automática de R$ 3257,36",Cobrança
Passe a fatura de R$ 887 no cartão,Cobrança
"Cobrar taxa de R$ 1970,23 pela entrega",Cobrança
Gerar cobrança automática de R$ 556,Cobrança
Cobrar a quantia de R$ 3415 referente ao serviço,Cobrança
Cobra o pagamento de R$ 1960 em 5 parcelas,Cobrança
"Emitir cobrança no valor de R$ 2937,64",Cobrança
Cobra R$ 167 pela manutenção,Cobrança
"Cobrar a quantia de R$ 1896,79 referente ao serviço",Cobrança
Emitir cobrança no valor de R$ 3903,Cobrança
Passe a fatura de R$ 4129 no cartão,Cobrança
Passe a fatura de R$ 2388 no cartão,Cobrança
"Passe a cobrança de R$ 3872,48 para o cliente",Cobrança
Cobrar a quantia de R$ 3705 referente ao serviço,Cobrança
Lançar cobrança para João no valor de R$ 1681,Cobrança
Lançar cobrança para João no valor de R$ 128,Cobrança
"Cobra o valor de R$ 2323,71 em 5x",Cobrança
"Cobra o valor de R$ 882,24 em 1x",Cobrança
"Cobrar o valor total de R$ 1053,20",Cobrança
"Cobrar R$ 2109,82 à vista amanhã",Cobrança
Gerar cobrança automática de R$ 4904,Cobrança
Cobrar o valor total de R$ 2360,Cobrança
Cobrar a quantia de R$ 2741 referente ao serviço,Cobrança
"Cobra o pagamento de R$ 3077,23 em 12 parcelas",Cobrança
"Passe a fatura de R$ 1549,69 no cartão",Cobrança
Lançar cobrança para João no valor de R$ 3264,Cobrança
Cobrar a quantia de R$ 4326 referente ao serviço,Cobrança
Lançar cobrança para João no valor de R$ 4452,Cobrança
"Cobrar taxa de R$ 4659,90 pela entrega",Cobrança
Emitir cobrança no valor de R$ 2605,Cobrança
Passe a fatura de R$ 37 no cartão,Cobrança
Cobra o pagamento de R$ 3758 em 3 parcelas,Cobrança
"Lançar cobrança para João no valor de R$ 1618,11",Cobrança
Cobra R$ 1599 pela manutenção,Cobrança
Cobra o valor de R$ 3643 em 9x,Cobrança
"Cobra R$ 4818,71 pela manutenção",Cobrança
Cobrar R$ 3643 à vista amanhã,Cobrança
Passe a cobrança de R$ 2573 para o cliente,Cobrança
Emitir cobrança no valor de R$ 3742,Cobrança
"Emitir cobrança no valor de R$ 2439,38",Cobrança
"Cobrar o valor total de R$ 3450,28",Cobrança
"Cobrar R$ 2354,91 à vista amanhã",Cobrança
"Cobrar o valor total de R$ 1586,75",Cobrança
Cobrar o valor total de R$ 1207,Cobrança
Gerar cobrança automática de R$ 854,Cobrança
Cobra o pagamento de R$ 326 em 3 parcelas,Cobrança
"Cobrar a quantia de R$ 2764,88 referente ao serviço",Cobrança
"Pagar boleto no valor de R$ 449,52",Pagamento
"Transferir R$ 3953,23 para a conta poupança",Pagamento
"Transferir R$ 1308,25 para Maria",Pagamento
Realizar transferência de R$ 4727 para Pedro,Pagamento
"Efetuar o pagamento da assinatura de R$ 4265,23",Pagamento
"Efetuar o pagamento da fatura de R$ 2816,12",Pagamento
Pagar boleto no valor de R$ 1748,Pagamento
Efetuar o pagamento da assinatura de R$ 1463,Pagamento
"Agendar pagamento de R$ 2405,48 para amanhã",Pagamento
"Agendar pagamento de R$ 3872,57 para amanhã",Pagamento
"Pagar a conta de luz no valor de R$ 1184,36",Pagamento
Efetuar o pagamento da assinatura de R$ 2846,Pagamento
"Transferir R$ 4654,64 para Maria",Pagamento
Realizar pagamento via PIX no valor de R$ 691,Pagamento
Efetuar o pagamento da assinatura de R$ 3092,Pagamento
"Agendar pagamento de R$ 3118,15 para amanhã",Pagamento
"Fazer o pagamento do aluguel de R$ 4941,67",Pagamento
Efetuar o pagamento da fatura de R$ 2017,Pagamento
"Enviar pagamento no valor de R$ 2094,89",Pagamento
Pagar a conta de luz no valor de R$ 3942,Pagamento
"Efetuar o pagamento da assinatura de R$ 4191,43",Pagamento
Transferir R$ 2330 para Maria,Pagamento
Enviar pagamento no valor de R$ 2208,Pagamento
Realizar transferência de R$ 1569 para Pedro,Pagamento
"Transferir R$ 2399,68 para a conta poupança",Pagamento
Fazer o pagamento do aluguel de R$ 478,Pagamento
Fazer o pagamento do aluguel de R$ 41,Pagamento
"Realizar pagamento via PIX no valor de R$ 4014,79",Pagamento
Fazer o pagamento do aluguel de R$ 4847,Pagamento
"Pagar a conta de luz no valor de R$ 310,29",Pagamento
Realizar transferência de R$ 1801 para Pedro,Pagamento
Agendar pagamento de R$ 4956 para amanhã,Pagamento
"Transferir R$ 4826,33 para Maria",Pagamento
Quitar a fatura pendente de R$ 4459,Pagamento
Pagar a conta de luz no valor de R$ 3347,Pagamento
Pagar boleto no valor de R$ 106,Pagamento
"Efetuar o pagamento da assinatura de R$ 2424,13",Pagamento
Quitar a fatura pendente de R$ 2035,Pagamento
"Realizar pagamento via PIX no valor de R$ 4843,59",Pagamento
"Transferir R$ 1662,40 para a conta poupança",Pagamento
"Efetuar o pagamento da fatura de R$ 1219,41",Pagamento
"Quitar a fatura pendente de R$ 3781,50",Pagamento
"Quitar a fatura pendente de R$ 4643,88",Pagamento
"Fazer o pagamento do aluguel de R$ 3960,97",Pagamento
"Efetuar o pagamento da assinatura de R$ 718,33",Pagamento
"Transferir R$ 4845,85 para Maria",Pagamento
"Quitar a fatura pendente de R$ 2809,25",Pagamento
"Realizar transferência de R$ 3954,32 para Pedro",Pagamento
Efetuar o pagamento da fatura de R$ 2783,Pagamento
"Agendar pagamento de R$ 2941,36 para amanhã",Pagamento
Agendar pagamento de R$ 934 para amanhã,Pagamento
Efetuar o pagamento da assinatura de R$ 4318,Pagamento
Efetuar o pagamento da assinatura de R$ 720,Pagamento
Transferir R$ 4668 para a conta poupança,Pagamento
Realizar pagamento via PIX no valor de R$ 3030,Pagamento
"Efetuar o pagamento da fatura de R$ 3783,54",Pagamento
"Transferir R$ 4231,93 para Maria",Pagamento
"Efetuar o pagamento da fatura de R$ 833,31",Pagamento
"Transferir R$ 2708,42 para a conta poupança",Pagamento
"Agendar pagamento de R$ 2043,50 para amanhã",Pagamento
Pagar boleto no valor de R$ 4111,Pagamento
Realizar transferência de R$ 3852 para Pedro,Pagamento
"Realizar pagamento via PIX no valor de R$ 2746,30",Pagamento
Efetuar o pagamento da assinatura de R$ 387,Pagamento
"Fazer o pagamento do aluguel de R$ 3536,66",Pagamento
Pagar boleto no valor de R$ 3416,Pagamento
"Quitar a fatura pendente de R$ 3526,50",Pagamento
Transferir R$ 144 para Maria,Pagamento
"Pagar boleto no valor de R$ 4108,19",Pagamento
"Realizar pagamento via PIX no valor de R$ 3864,26",Pagamento
"Pagar boleto no valor de R$ 3282,30",Pagamento
Realizar pagamento via PIX no valor de R$ 2626,Pagamento
"Fazer o pagamento do aluguel de R$ 4126,83",Pagamento
"Pagar boleto no valor de R$ 876,11",Pagamento
"Realizar pagamento via PIX no valor de R$ 45,77",Pagamento
"Realizar pagamento via PIX no valor de R$ 1652,37",Pagamento
Efetuar o pagamento da fatura de R$ 4597,Pagamento
"Transferir R$ 1600,58 para a conta poupança",Pagamento
Agendar pagamento de R$ 708 para amanhã,Pagamento
Pagar a conta de luz no valor de R$ 4296,Pagamento
Transferir R$ 201 para a conta poupança,Pagamento
Realizar pagamento via PIX no valor de R$ 690,Pagamento
"Realizar pagamento via PIX no valor de R$ 3005,38",Pagamento
Agendar pagamento de R$ 2421 para amanhã,Pagamento
Transferir R$ 626 para Maria,Pagamento
"Quitar a fatura pendente de R$ 2494,34",Pagamento
Realizar transferência de R$ 4037 para Pedro,Pagamento
Realizar pagamento via PIX no valor de R$ 3385,Pagamento
Efetuar o pagamento da assinatura de R$ 522,Pagamento
Transferir R$ 2088 para a conta poupança,Pagamento
Transferir R$ 2434 para a conta poupança,Pagamento
"Agendar pagamento de R$ 4343,50 para amanhã",Pagamento
Efetuar o pagamento da assinatura de R$ 3566,Pagamento
Pagar boleto no valor de R$ 1696,Pagamento
"Enviar pagamento no valor de R$ 4127,82",Pagamento
Agendar pagamento de R$ 1088 para amanhã,Pagamento
"Transferir R$ 932,12 para Maria",Pagamento
Efetuar o pagamento da assinatura de R$ 4243,Pagamento
"Enviar pagamento no valor de R$ 609,66",Pagamento
"Efetuar o pagamento da assinatura de R$ 3159,28",Pagamento
Quitar a fatura pendente de R$ 3135,Pagamento
Realizar pagamento via PIX no valor de R$ 445,Pagamento
"Realizar transferência de R$ 3921,78 para Pedro",Pagamento
"Fazer o pagamento do aluguel de R$ 4878,45",Pagamento
Transferir R$ 4463 para Maria,Pagamento
Realizar transferência de R$ 2767 para Pedro,Pagamento
Enviar pagamento no valor de R$ 2360,Pagamento
"Enviar pagamento no valor de R$ 4247,98",Pagamento
Agendar pagamento de R$ 1979 para amanhã,Pagamento
"Efetuar o pagamento da assinatura de R$ 3581,59",Pagamento
Transferir R$ 4209 para a conta poupança,Pagamento
"Quitar a fatura pendente de R$ 369,24",Pagamento
"Pagar boleto no valor de R$ 4132,55",Pagamento
"Agendar pagamento de R$ 580,41 para amanhã",Pagamento
"Agendar pagamento de R$ 2991,30 para amanhã",Pagamento
Pagar a conta de luz no valor de R$ 298,Pagamento
"Realizar transferência de R$ 1650,70 para Pedro",Pagamento
"Realizar pagamento via PIX no valor de R$ 344,13",Pagamento
"Fazer o pagamento do aluguel de R$ 2355,82",Pagamento
Efetuar o pagamento da assinatura de R$ 1928,Pagamento
"Transferir R$ 2245,49 para a conta poupança",Pagamento
Fazer o pagamento do aluguel de R$ 4061,Pagamento
"Pagar a conta de luz no valor de R$ 214,17",Pagamento
Efetuar o pagamento da assinatura de R$ 2920,Pagamento
"Pagar a conta de luz no valor de R$ 2123,18",Pagamento
Enviar pagamento no valor de R$ 1039,Pagamento
"Pagar boleto no valor de R$ 831,39",Pagamento
"Realizar pagamento via PIX no valor de R$ 3856,77",Pagamento
"Agendar pagamento de R$ 818,12 para amanhã",Pagamento
Efetuar o pagamento da fatura de R$ 4977,Pagamento
Quitar a fatura pendente de R$ 2613,Pagamento
Fazer o pagamento do aluguel de R$ 3732,Pagamento
"Pagar boleto no valor de R$ 3548,14",Pagamento
"Pagar boleto no valor de R$ 4576,67",Pagamento
Transferir R$ 3304 para a conta poupança,Pagamento
Enviar pagamento no valor de R$ 1319,Pagamento
"Realizar pagamento via PIX no valor de R$ 1416,13",Pagamento
Enviar pagamento no valor de R$ 1495,Pagamento
Agendar pagamento de R$ 2259 para amanhã,Pagamento
"Transferir R$ 553,48 para a conta poupança",Pagamento
"Quitar a fatura pendente de R$ 2173,79",Pagamento
"Quitar a fatura pendente de R$ 1557,97",Pagamento
"Quitar a fatura pendente de R$ 1380,61",Pagamento
Enviar pagamento no valor de R$ 1395,Pagamento
"Quitar a fatura pendente de R$ 4039,19",Pagamento
Agendar pagamento de R$ 3176 para amanhã,Pagamento
Fazer o pagamento do aluguel de R$ 4830,Pagamento
"Pagar a conta de luz no valor de R$ 505,51",Pagamento
Realizar pagamento via PIX no valor de R$ 3614,Pagamento
Enviar pagamento no valor de R$ 4397,Pagamento
Efetuar o pagamento da fatura de R$ 1613,Pagamento
Realizar transferência de R$ 3638 para Pedro,Pagamento
Pagar a conta de luz no valor de R$ 210,Pagamento
"Fazer o pagamento do aluguel de R$ 2050,54",Pagamento
Pagar a conta de luz no valor de R$ 4831,Pagamento
"Efetuar o pagamento da assinatura de R$ 4789,63",Pagamento
Quitar a fatura pendente de R$ 678,Pagamento
"Transferir R$ 4100,25 para a conta poupança",Pagamento
"Transferir R$ 2314,10 para a conta poupança",Pagamento
"Pagar a conta de luz no valor de R$ 4718,29",Pagamento
"Quitar a fatura pendente de R$ 1804,60",Pagamento
"Pagar a conta de luz no valor de R$ 4834,50",Pagamento
"Realizar pagamento via PIX no valor de R$ 1372,94",Pagamento
Pagar boleto no valor de R$ 1929,Pagamento
Agendar pagamento de R$ 3787 para amanhã,Pagamento
Transferir R$ 4143 para Maria,Pagamento
Realizar pagamento via PIX no valor de R$ 2932,Pagamento
"Efetuar o pagamento da fatura de R$ 3831,89",Pagamento
"Transferir R$ 3887,87 para Maria",Pagamento
"Agendar pagamento de R$ 1813,36 para amanhã",Pagamento
"Efetuar o pagamento da fatura de R$ 4228,56",Pagamento
Efetuar o pagamento da assinatura de R$ 3476,Pagamento
"Agendar pagamento de R$ 1492,65 para amanhã",Pagamento
Pagar a conta de luz no valor de R$ 1919,Pagamento
Efetuar o pagamento da fatura de R$ 564,Pagamento
"Efetuar o pagamento da fatura de R$ 2970,35",Pagamento
Transferir R$ 237 para Maria,Pagamento
Efetuar o pagamento da assinatura de R$ 3101,Pagamento
"Efetuar o pagamento da fatura de R$ 294,26",Pagamento
Quitar a fatura pendente de R$ 1591,Pagamento
Realizar transferência de R$ 3526 para Pedro,Pagamento
Pagar a conta de luz no valor de R$ 3743,Pagamento
"Pagar boleto no valor de R$ 3077,60",Pagamento
Realizar transferência de R$ 2774 para Pedro,Pagamento
"Pagar a conta de luz no valor de R$ 2529,44",Pagamento
Quitar a fatura pendente de R$ 3053,Pagamento
Pagar a conta de luz no valor de R$ 3991,Pagamento
Realizar transferência de R$ 4719 para Pedro,Pagamento
Pagar a conta de luz no valor de R$ 730,Pagamento
Pagar boleto no valor de R$ 2463,Pagamento
Enviar pagamento no valor de R$ 3023,Pagamento
"Transferir R$ 1586,16 para a conta poupança",Pagamento
Transferir R$ 2001 para Maria,Pagamento
"Realizar pagamento via PIX no valor de R$ 637,59",Pagamento
Quitar a fatura pendente de R$ 3424,Pagamento
Transferir R$ 3195 para a conta poupança,Pagamento
"Agendar pagamento de R$ 4818,20 para amanhã",Pagamento
"Quitar a fatura pendente de R$ 2300,15",Pagamento
Pagar boleto no valor de R$ 2302,Pagamento
"Enviar pagamento no valor de R$ 866,82",Pagamento
"Transferir R$ 1290,25 para a conta poupança",Pagamento
"Pagar boleto no valor de R$ 451,44",Pagamento
Pagar a conta de luz no valor de R$ 72,Pagamento
"Realizar transferência de R$ 2872,24 para Pedro",Pagamento
Transferir R$ 1691 para Maria,Pagamento
"Transferir R$ 2152,25 para a conta poupança",Pagamento
Fazer o pagamento do aluguel de R$ 4980,Pagamento
"Agendar pagamento de R$ 1537,23 para amanhã",Pagamento
Transferir R$ 4610 para a conta poupança,Pagamento
"Efetuar o pagamento da assinatura de R$ 915,26",Pagamento
Pagar boleto no valor de R$ 3786,Pagamento
Realizar transferência de R$ 2205 para Pedro,Pagamento
"Quitar a fatura pendente de R$ 3330,94",Pagamento
Transferir R$ 4807 para Maria,Pagamento
Fazer o pagamento do aluguel de R$ 1157,Pagamento
Efetuar o pagamento da fatura de R$ 3669,Pagamento
"Realizar pagamento via PIX no valor de R$ 4022,36",Pagamento
Realizar transferência de R$ 3786 para Pedro,Pagamento
Agendar pagamento de R$ 651 para amanhã,Pagamento
Pagar a conta de luz no valor de R$ 4627,Pagamento
"Pagar boleto no valor de R$ 2462,42",Pagamento
"Fazer o pagamento do aluguel de R$ 900,81",Pagamento
"Fazer o pagamento do aluguel de R$ 3150,18",Pagamento
Efetuar o pagamento da fatura de R$ 3386,Pagamento
Efetuar o pagamento da assinatura de R$ 4857,Pagamento
"Pagar a conta de luz no valor de R$ 3018,11",Pagamento
"Transferir R$ 1910,82 para a conta poupança",Pagamento
"Transferir R$ 4858,20 para a conta poupança",Pagamento
"Realizar pagamento via PIX no valor de R$ 3089,94",Pagamento
"Enviar pagamento no valor de R$ 4684,32",Pagamento
Enviar pagamento no valor de R$ 3332,Pagamento
"Transferir R$ 240,97 para Maria",Pagamento
"Realizar pagamento via PIX no valor de R$ 3276,96",Pagamento
"Transferir R$ 3941,82 para Maria",Pagamento
"Enviar pagamento no valor de R$ 1748,24",Pagamento
"Pagar a conta de luz no valor de R$ 2163,22",Pagamento
"Agendar pagamento de R$ 3114,90 para amanhã",Pagamento
"Enviar pagamento no valor de R$ 1456,36",Pagamento
"Efetuar o pagamento da assinatura de R$ 3113,32",Pagamento
"Efetuar o pagamento da assinatura de R$ 2114,25",Pagamento
Quitar a fatura pendente de R$ 301,Pagamento
"Efetuar o pagamento da assinatura de R$ 4843,55",Pagamento
"Pagar a conta de luz no valor de R$ 1896,38",Pagamento
Fazer o pagamento do aluguel de R$ 3792,Pagamento
"Transferir R$ 4555,55 para a conta poupança",Pagamento
Pagar a conta de luz no valor de R$ 2903,Pagamento
"Quitar a fatura pendente de R$ 842,81",Pagamento
"Pagar boleto no valor de R$ 4352,44",Pagamento
Transferir R$ 244 para a conta poupança,Pagamento
Transferir R$ 1209 para Maria,Pagamento
"Transferir R$ 383,33 para a conta poupança",Pagamento
Pagar a conta de luz no valor de R$ 1080,Pagamento
"Transferir R$ 582,69 para Maria",Pagamento
"Efetuar o pagamento da fatura de R$ 4583,34",Pagamento
"Efetuar o pagamento da fatura de R$ 2639,80",Pagamento
Quitar a fatura pendente de R$ 4672,Pagamento
Pagar a conta de luz no valor de R$ 1561,Pagamento
"Transferir R$ 4860,40 para Maria",Pagamento
Fazer o pagamento do aluguel de R$ 1275,Pagamento
"Efetuar o pagamento da assinatura de R$ 3696,55",Pagamento
Transferir R$ 4286 para a conta poupança,Pagamento
"Agendar pagamento de R$ 2584,66 para amanhã",Pagamento
"Realizar transferência de R$ 593,80 para Pedro",Pagamento
Transferir R$ 3187 para a conta poupança,Pagamento
"Realizar pagamento via PIX no valor de R$ 1010,10",Pagamento
"Transferir R$ 3512,35 para Maria",Pagamento
"Efetuar o pagamento da assinatura de R$ 4389,72",Pagamento
Agendar pagamento de R$ 3897 para amanhã,Pagamento
Realizar transferência de R$ 2511 para Pedro,Pagamento
Fazer o pagamento do aluguel de R$ 9,Pagamento
"Realizar pagamento via PIX no valor de R$ 646,64",Pagamento
Fazer o pagamento do aluguel de R$ 1135,Pagamento
"Efetuar o pagamento da assinatura de R$ 1100,27",Pagamento
Pagar a conta de luz no valor de R$ 2548,Pagamento
Realizar pagamento via PIX no valor de R$ 2100,Pagamento
Efetuar o pagamento da fatura de R$ 4926,Pagamento
"Fazer o pagamento do aluguel de R$ 2876,25",Pagamento
"Efetuar o pagamento da assinatura de R$ 2612,48",Pagamento
"Quitar a fatura pendente de R$ 893,11",Pagamento
Pagar a conta de luz no valor de R$ 387,Pagamento
Efetuar o pagamento da assinatura de R$ 3331,Pagamento
"Realizar pagamento via PIX no valor de R$ 3586,76",Pagamento
"Quitar a fatura pendente de R$ 514,34",Pagamento
Quitar a fatura pendente de R$ 4866,Pagamento
Transferir R$ 1028 para a conta poupança,Pagamento
Quitar a fatura pendente de R$ 3764,Pagamento
"Quitar a fatura pendente de R$ 772,18",Pagamento
Pagar boleto no valor de R$ 3224,Pagamento
"Quitar a fatura pendente de R$ 4058,67",Pagamento
"Quitar a fatura pendente de R$ 4895,56",Pagamento
Pagar boleto no valor de R$ 1565,Pagamento
Pagar a conta de luz no valor de R$ 1698,Pagamento
Enviar pagamento no valor de R$ 4851,Pagamento
"Pagar a conta de luz no valor de R$ 3339,50",Pagamento
"Enviar pagamento no valor de R$ 714,70",Pagamento
"Transferir R$ 2605,60 para a conta poupança",Pagamento
Efetuar o pagamento da fatura de R$ 381,Pagamento
Realizar transferência de R$ 2153 para Pedro,Pagamento
"Pagar a conta de luz no valor de R$ 4960,20",Pagamento
"Efetuar o pagamento da assinatura de R$ 2776,37",Pagamento
"Quitar a fatura pendente de R$ 4289,61",Pagamento
Agendar pagamento de R$ 866 para amanhã,Pagamento
"Efetuar o pagamento da fatura de R$ 3948,79",Pagamento
"Fazer o pagamento do aluguel de R$ 1864,41",Pagamento
Fazer o pagamento do aluguel de R$ 4622,Pagamento
Agendar pagamento de R$ 1057 para amanhã,Pagamento
"Quitar a fatura pendente de R$ 3625,55",Pagamento
"Efetuar o pagamento da assinatura de R$ 2815,85",Pagamento
Efetuar o pagamento da assinatura de R$ 3295,Pagamento
Pagar boleto no valor de R$ 3443,Pagamento
Enviar pagamento no valor de R$ 219,Pagamento
Pagar a conta de luz no valor de R$ 4266,Pagamento
"Fazer o pagamento do aluguel de R$ 727,34",Pagamento
Agendar pagamento de R$ 4373 para amanhã,Pagamento
Agendar pagamento de R$ 4567 para amanhã,Pagamento
Quitar a fatura pendente de R$ 1996,Pagamento
"Transferir R$ 32,17 para Maria",Pagamento
Transferir R$ 3848 para Maria,Pagamento
Quitar a fatura pendente de R$ 846,Pagamento
Fazer o pagamento do aluguel de R$ 3207,Pagamento
"Fazer o pagamento do aluguel de R$ 4832,15",Pagamento
Realizar transferência de R$ 194 para Pedro,Pagamento
Transferir R$ 3262 para Maria,Pagamento
"Realizar transferência de R$ 4820,70 para Pedro",Pagamento
"Transferir R$ 2862,65 para a conta poupança",Pagamento
Quitar a fatura pendente de R$ 2952,Pagamento
"Efetuar o pagamento da assinatura de R$ 1280,74",Pagamento
"Realizar pagamento via PIX no valor de R$ 1530,36",Pagamento
"Agendar pagamento de R$ 1704,77 para amanhã",Pagamento
Pagar boleto no valor de R$ 4636,Pagamento
Agendar pagamento de R$ 3216 para amanhã,Pagamento
Efetuar o pagamento da assinatura de R$ 3693,Pagamento
"Quitar a fatura pendente de R$ 3462,56",Pagamento
"Pagar boleto no valor de R$ 2549,69",Pagamento
Fazer o pagamento do aluguel de R$ 4615,Pagamento
Realizar pagamento via PIX no valor de R$ 3148,Pagamento
"Realizar transferência de R$ 2035,26 para Pedro",Pagamento
"Transferir R$ 981,10 para a conta poupança",Pagamento
Transferir R$ 2431 para a conta poupança,Pagamento
Fazer o pagamento do aluguel de R$ 2182,Pagamento
Enviar pagamento no valor de R$ 2616,Pagamento
Realizar pagamento via PIX no valor de R$ 2425,Pagamento
"Efetuar o pagamento da fatura de R$ 4628,25",Pagamento
"Realizar pagamento via PIX no valor de R$ 2322,19",Pagamento
Fazer o pagamento do aluguel de R$ 1680,Pagamento
Transferir R$ 983 para a conta poupança,Pagamento
"Realizar pagamento via PIX no valor de R$ 1120,23",Pagamento
Realizar pagamento via PIX no valor de R$ 4708,Pagamento
Efetuar o pagamento da fatura de R$ 4563,Pagamento
"Realizar pagamento via PIX no valor de R$ 823,81",Pagamento
Pagar boleto no valor de R$ 2014,Pagamento
"Quitar a fatura pendente de R$ 3070,21",Pagamento
"Pagar a conta de luz no valor de R$ 4074,56",Pagamento
Transferir R$ 2776 para Maria,Pagamento
"Transferir R$ 1477,27 para Maria",Pagamento
"Transferir R$ 4824,57 para a conta poupança",Pagamento
Quitar a fatura pendente de R$ 3631,Pagamento
Realizar transferência de R$ 413 para Pedro,Pagamento
Pagar boleto no valor de R$ 4667,Pagamento
Transferir R$ 3180 para a conta poupança,Pagamento
"Fazer o pagamento do aluguel de R$ 2065,28",Pagamento
Efetuar o pagamento da fatura de R$ 3518,Pagamento
"Realizar pagamento via PIX no valor de R$ 4855,18",Pagamento
"Transferir R$ 1608,82 para Maria",Pagamento
Pagar a conta de luz no valor de R$ 625,Pagamento
Transferir R$ 4041 para a conta poupança,Pagamento
"Realizar pagamento via PIX no valor de R$ 124,16",Pagamento
Pagar a conta de luz no valor de R$ 2915,Pagamento
Realizar transferência de R$ 2035 para Pedro,Pagamento
"Realizar pagamento via PIX no valor de R$ 504,59",Pagamento
Quitar a fatura pendente de R$ 2413,Pagamento
"Efetuar o pagamento da assinatura de R$ 1267,11",Pagamento
"Realizar pagamento via PIX no valor de R$ 4451,49",Pagamento
"Pagar a conta de luz no valor de R$ 4551,42",Pagamento
"Quitar a fatura pendente de R$ 3667,37",Pagamento
Efetuar o pagamento da assinatura de R$ 1665,Pagamento
Agendar pagamento de R$ 4525 para amanhã,Pagamento
Fazer o pagamento do aluguel de R$ 2250,Pagamento
"Pagar boleto no valor de R$ 4824,38",Pagamento
"Realizar transferência de R$ 1965,52 para Pedro",Pagamento
Pagar a conta de luz no valor de R$ 4046,Pagamento
"Transferir R$ 287,71 para a conta poupança",Pagamento
Efetuar o pagamento da assinatura de R$ 4572,Pagamento
"Efetuar o pagamento da fatura de R$ 4522,83",Pagamento
Quitar a fatura pendente de R$ 3874,Pagamento
"Realizar pagamento via PIX no valor de R$ 1366,11",Pagamento
"Efetuar o pagamento da fatura de R$ 3388,87",Pagamento
"Pagar boleto no valor de R$ 1337,83",Pagamento
Efetuar o pagamento da assinatura de R$ 2947,Pagamento
Pagar boleto no valor de R$ 3615,Pagamento
Realizar transferência de R$ 112 para Pedro,Pagamento
Enviar pagamento no valor de R$ 3053,Pagamento
"Enviar pagamento no valor de R$ 4960,74",Pagamento
Fazer o pagamento do aluguel de R$ 3619,Pagamento
Realizar pagamento via PIX no valor de R$ 896,Pagamento
"Efetuar o pagamento da fatura de R$ 3619,92",Pagamento
"Pagar boleto no valor de R$ 1625,60",Pagamento
Efetuar o pagamento da fatura de R$ 3367,Pagamento
"Realizar transferência de R$ 2691,95 para Pedro",Pagamento
"Realizar pagamento via PIX no valor de R$ 2775,74",Pagamento
"Pagar boleto no valor de R$ 3922,52",Pagamento
Quitar a fatura pendente de R$ 594,Pagamento
Pagar a conta de luz no valor de R$ 2110,Pagamento
"Efetuar o pagamento da assinatura de R$ 2582,35",Pagamento
"Fazer o pagamento do aluguel de R$ 2161,24",Pagamento
Realizar pagamento via PIX no valor de R$ 4259,Pagamento
"Realizar pagamento via PIX no valor de R$ 4894,64",Pagamento
"Pagar boleto no valor de R$ 4385,66",Pagamento
"Realizar transferência de R$ 3583,72 para Pedro",Pagamento
Transferir R$ 3001 para a conta poupança,Pagamento
Pagar boleto no valor de R$ 2500,Pagamento
Realizar transferência de R$ 4999 para Pedro,Pagamento
"Fazer o pagamento do aluguel de R$ 3988,88",Pagamento
"Enviar pagamento no valor de R$ 1460,31",Pagamento
Transferir R$ 1767 para Maria,Pagamento
"Realizar transferência de R$ 1852,94 para Pedro",Pagamento
"Agendar pagamento de R$ 790,86 para amanhã",Pagamento
Realizar transferência de R$ 2703 para Pedro,Pagamento
"Enviar pagamento no valor de R$ 1018,72",Pagamento
Realizar transferência de R$ 1657 para Pedro,Pagamento
"Agendar pagamento de R$ 2599,12 para amanhã",Pagamento
Efetuar o pagamento da assinatura de R$ 4471,Pagamento
"Pagar a conta de luz no valor de R$ 4902,55",Pagamento
"Efetuar o pagamento da assinatura de R$ 1323,20",Pagamento
Transferir R$ 3977 para Maria,Pagamento
"Pagar a conta de luz no valor de R$ 4839,48",Pagamento
"Agendar pagamento de R$ 859,56 para amanhã",Pagamento
"Efetuar o pagamento da fatura de R$ 217,47",Pagamento
Realizar pagamento via PIX no valor de R$ 1435,Pagamento
"Fazer o pagamento do aluguel de R$ 4674,14",Pagamento
Efetuar o pagamento da assinatura de R$ 4888,Pagamento
Quitar a fatura pendente de R$ 4850,Pagamento
Realizar pagamento via PIX no valor de R$ 3027,Pagamento
"Pagar a conta de luz no valor de R$ 4016,92",Pagamento
"Agendar pagamento de R$ 164,64 para amanhã",Pagamento
Enviar pagamento no valor de R$ 4325,Pagamento
Pagar a conta de luz no valor de R$ 4886,Pagamento
"Agendar pagamento de R$ 4262,99 para amanhã",Pagamento
Transferir R$ 3693 para Maria,Pagamento
"Quitar a fatura pendente de R$ 51,36",Pagamento
"Realizar pagamento via PIX no valor de R$ 1858,50",Pagamento
Pagar boleto no valor de R$ 3772,Pagamento
Transferir R$ 4000 para Maria,Pagamento
Fazer o pagamento do aluguel de R$ 1483,Pagamento
Enviar pagamento no valor de R$ 4281,Pagamento
Realizar transferência de R$ 2898 para Pedro,Pagamento
Efetuar o pagamento da assinatura de R$ 2322,Pagamento
"Efetuar o pagamento da fatura de R$ 4977,29",Pagamento
"Quitar a fatura pendente de R$ 1527,82",Pagamento
Agendar pagamento de R$ 3573 para amanhã,Pagamento
Realizar pagamento via PIX no valor de R$ 1223,Pagamento
Enviar pagamento no valor de R$ 787,Pagamento
Realizar transferência de R$ 1049 para Pedro,Pagamento
Transferir R$ 362 para a conta poupança,Pagamento
Realizar pagamento via PIX no valor de R$ 1460,Pagamento
"Enviar pagamento no valor de R$ 2604,68",Pagamento
Fazer o pagamento do aluguel de R$ 3060,Pagamento
"Transferir R$ 3495,33 para Maria",Pagamento
"Transferir R$ 3050,17 para Maria",Pagamento
Transferir R$ 1493 para Maria,Pagamento
Agendar pagamento de R$ 4494 para amanhã,Pagamento
Efetuar o pagamento da fatura de R$ 2140,Pagamento
"Realizar pagamento via PIX no valor de R$ 3563,72",Pagamento
Realizar transferência de R$ 1776 para Pedro,Pagamento
Efetuar o pagamento da fatura de R$ 1707,Pagamento
"Efetuar o pagamento da fatura de R$ 2615,39",Pagamento
Pagar boleto no valor de R$ 1156,Pagamento
"Efetuar o pagamento da assinatura de R$ 2060,76",Pagamento
"Fazer o pagamento do aluguel de R$ 4457,26",Pagamento
Pagar a conta de luz no valor de R$ 3534,Pagamento
Quitar a fatura pendente de R$ 331,Pagamento
Transferir R$ 731 para Maria,Pagamento
Enviar pagamento no valor de R$ 3552,Pagamento
"Fazer o pagamento do aluguel de R$ 2837,72",Pagamento
Efetuar o pagamento da fatura de R$ 1872,Pagamento
"Realizar transferência de R$ 1117,24 para Pedro",Pagamento
"Transferir R$ 4205,59 para a conta poupança",Pagamento
Realizar pagamento via PIX no valor de R$ 3777,Pagamento
Efetuar o pagamento da fatura de R$ 942,Pagamento
"Pagar boleto no valor de R$ 4062,61",Pagamento
"Fazer o pagamento do aluguel de R$ 4307,47",Pagamento
Realizar transferência de R$ 4055 para Pedro,Pagamento
Fazer o pagamento do aluguel de R$ 4815,Pagamento
Pagar boleto no valor de R$ 203,Pagamento
Efetuar o pagamento da assinatura de R$ 357,Pagamento
"Realizar pagamento via PIX no valor de R$ 2918,63",Pagamento
Transferir R$ 4578 para Maria,Pagamento
Efetuar o pagamento da fatura de R$ 1750,Pagamento
"Transferir R$ 931,20 para Maria",Pagamento
Agendar pagamento de R$ 3746 para amanhã,Pagamento
"Transferir R$ 3961,84 para Maria",Pagamento
"Transferir R$ 1079,98 para a conta poupança",Pagamento
Pagar a conta de luz no valor de R$ 2479,Pagamento
"Quitar a fatura pendente de R$ 2219,18",Pagamento
"Realizar transferência de R$ 548,76 para Pedro",Pagamento
Quitar a fatura pendente de R$ 1257,Pagamento
"Pagar boleto no valor de R$ 3261,81",Pagamento
Pagar a conta de luz no valor de R$ 2063,Pagamento
Transferir R$ 4676 para Maria,Pagamento
Agendar pagamento de R$ 3355 para amanhã,Pagamento
Verificar saldo em conta conjunta,Consulta Saldo
Consultar saldo atualizado,Consulta Saldo
Consultar saldo atualizado,Consulta Saldo
Consultar quanto tenho no banco,Consulta Saldo
Mostrar saldo bancário,Consulta Saldo
Verificar saldo da conta corrente,Consulta Saldo
Consultar saldo atualizado,Consulta Saldo
Verificar saldo da conta corrente,Consulta Saldo
Verificar saldo em conta conjunta,Consulta Saldo
Quero saber meu saldo atual,Consulta Saldo
Quero saber meu saldo atual,Consulta Saldo
Consultar saldo atualizado,Consulta Saldo
Qual o saldo que tenho hoje?,Consulta Saldo
Qual o saldo que tenho hoje?,Consulta Saldo
Ver saldo disponível no aplicativo,Consulta Saldo
Verificar saldo da conta corrente,Consulta Saldo
Consultar saldo disponível,Consulta Saldo
Mostrar saldo da poupança,Consulta Saldo
Mostrar saldo bancário,Consulta Saldo
Ver saldo disponível no aplicativo,Consulta Saldo
Consultar quanto tenho no banco,Consulta Saldo
Mostrar saldo bancário,Consulta Saldo
Consultar saldo disponível,Consulta Saldo
Ver saldo disponível no aplicativo,Consulta Saldo
Mostrar saldo da poupança,Consulta Saldo
Qual o saldo que tenho hoje?,Consulta Saldo
Consultar saldo disponível,Consulta Saldo
Mostrar saldo bancário,Consulta Saldo
Consultar quanto tenho no banco,Consulta Saldo
Consultar quanto tenho no banco,Consulta Saldo
Qual o saldo que tenho hoje?,Consulta Saldo
Mostrar saldo bancário,Consulta Saldo
Quero saber meu saldo atual,Consulta Saldo
Ver saldo disponível no aplicativo,Consulta Saldo
Qual é o meu saldo?,Consulta Saldo
Mostrar saldo da poupança,Consulta Saldo
Consulta de saldo na conta salário,Consulta Saldo
Consulta de saldo na conta salário,Consulta Saldo
Consultar quanto tenho no banco,Consulta Saldo
Verificar saldo da conta corrente,Consulta Saldo
Qual é o meu saldo?,Consulta Saldo
Ver saldo disponível no aplicativo,Consulta Saldo
Verificar saldo em conta conjunta,Consulta Saldo
Qual o saldo que tenho hoje?,Consulta Saldo
Consultar quanto tenho no banco,Consulta Saldo
Verificar saldo em conta conjunta,Consulta Saldo
Qual é o meu saldo?,Consulta Saldo
Consulta de saldo na conta salário,Consulta Saldo
Qual o saldo que tenho hoje?,Consulta Saldo
Qual o saldo que tenho hoje?,Consulta Saldo
Mostrar saldo da poupança,Consulta Saldo
Consultar saldo disponível,Consulta Saldo
Mostrar saldo bancário,Consulta Saldo
Qual o saldo que tenho hoje?,Consulta Saldo
Consultar saldo atualizado,Consulta Saldo
Consultar saldo disponível,Consulta Saldo
Qual o saldo que tenho hoje?,Consulta Saldo
Ver saldo disponível no aplicativo,Consulta Saldo
Verificar saldo em conta conjunta,Consulta Saldo
Verificar saldo da conta corrente,Consulta Saldo
Verificar saldo em conta conjunta,Consulta Saldo
Consulta de saldo na conta salário,Consulta Saldo
Consultar saldo atualizado,Consulta Saldo
Consulta de saldo na conta salário,Consulta Saldo
Quero saber meu saldo atual,Consulta Saldo
Mostrar saldo bancário,Consulta Saldo
Consultar saldo disponível,Consulta Saldo
Consulta de saldo na conta salário,Consulta Saldo
Quero saber meu saldo atual,Consulta Saldo
Consultar saldo disponível,Consulta Saldo
Qual o saldo que tenho hoje?,Consulta Saldo
Consultar saldo disponível,Consulta Saldo
Qual é o meu saldo?,Consulta Saldo
Consultar saldo atualizado,Consulta Saldo
Verificar saldo em conta conjunta,Consulta Saldo
Consultar saldo atualizado,Consulta Saldo
Qual o saldo que tenho hoje?,Consulta Saldo
Verificar saldo em conta conjunta,Consulta Saldo
Consulta de saldo na conta salário,Consulta Saldo
Quero saber meu saldo atual,Consulta Saldo
Consultar saldo atualizado,Consulta Saldo
Qual o saldo que tenho hoje?,Consulta Saldo
Consultar saldo atualizado,Consulta Saldo
Verificar saldo da conta corrente,Consulta Saldo
Ver saldo disponível no aplicativo,Consulta Saldo
Ver saldo disponível no aplicativo,Consulta Saldo
Consultar quanto tenho no banco,Consulta Saldo
Qual é o meu saldo?,Consulta Saldo
Consultar saldo disponível,Consulta Saldo
Mostrar saldo da poupança,Consulta Saldo
Quero saber meu saldo atual,Consulta Saldo
Quero saber meu saldo atual,Consulta Saldo
Mostrar saldo da poupança,Consulta Saldo
Qual é o meu saldo?,Consulta Saldo
Mostrar saldo da poupança,Consulta Saldo
Qual o saldo que tenho hoje?,Consulta Saldo
Consulta de saldo na conta salário,Consulta Saldo
Consultar saldo disponível,Consulta Saldo
Verificar saldo da conta corrente,Consulta Saldo
Consultar quanto tenho no banco,Consulta Saldo
Consultar saldo disponível,Consulta Saldo
Consultar quanto tenho no banco,Consulta Saldo
Qual o saldo que tenho hoje?,Consulta Saldo
Mostrar saldo bancário,Consulta Saldo
Qual é o meu saldo?,Consulta Saldo
Consultar saldo atualizado,Consulta Saldo
Verificar saldo da conta corrente,Consulta Saldo
Ver saldo disponível no aplicativo,Consulta Saldo
Qual o saldo que tenho hoje?,Consulta Saldo
Mostrar saldo da poupança,Consulta Saldo
Verificar saldo da conta corrente,Consulta Saldo
Verificar saldo da conta corrente,Consulta Saldo
Verificar saldo em conta conjunta,Consulta Saldo
Consultar quanto tenho no banco,Consulta Saldo
Qual é o meu saldo?,Consulta Saldo
Consultar quanto tenho no banco,Consulta Saldo
Mostrar saldo bancário,Consulta Saldo
Mostrar saldo bancário,Consulta Saldo
Mostrar saldo bancário,Consulta Saldo
Consultar saldo disponível,Consulta Saldo
Verificar saldo da conta corrente,Consulta Saldo
Mostrar saldo bancário,Consulta Saldo
Verificar saldo da conta corrente,Consulta Saldo
Verificar saldo da conta corrente,Consulta Saldo
Mostrar saldo da poupança,Consulta Saldo
Qual o saldo que tenho hoje?,Consulta Saldo
Mostrar saldo bancário,Consulta Saldo
Quero saber meu saldo atual,Consulta Saldo
Consultar saldo disponível,Consulta Saldo
Consultar saldo disponível,Consulta Saldo
Qual é o meu saldo?,Consulta Saldo
Verificar saldo em conta conjunta,Consulta Saldo
Mostrar saldo bancário,Consulta Saldo
Verificar saldo em conta conjunta,Consulta Saldo
Quero saber meu saldo atual,Consulta Saldo
Consultar saldo disponível,Consulta Saldo
Consultar quanto tenho no banco,Consulta Saldo
Qual o saldo que tenho hoje?,Consulta Saldo
Quero saber meu saldo atual,Consulta Saldo
Quero saber meu saldo atual,Consulta Saldo
Verificar saldo da conta corrente,Consulta Saldo
Verificar saldo em conta conjunta,Consulta Saldo
Qual o saldo que tenho hoje?,Consulta Saldo
Mostrar saldo da poupança,Consulta Saldo
Mostrar saldo da poupança,Consulta Saldo
Verificar saldo em conta conjunta,Consulta Saldo
Verificar saldo em conta conjunta,Consulta Saldo
Consulta de saldo na conta salário,Consulta Saldo
Consultar saldo atualizado,Consulta Saldo
Quero saber meu saldo atual,Consulta Saldo
Mostrar saldo bancário,Consulta Saldo
Mostrar saldo da poupança,Consulta Saldo
Consultar saldo atualizado,Consulta Saldo
Consulta de saldo na conta salário,Consulta Saldo
Consultar quanto tenho no banco,Consulta Saldo
Consultar quanto tenho no banco,Consulta Saldo
Qual o saldo que tenho hoje?,Consulta Saldo
Consultar saldo atualizado,Consulta Saldo
Qual é o meu saldo?,Consulta Saldo
Ver saldo disponível no aplicativo,Consulta Saldo
Consultar saldo disponível,Consulta Saldo
Consultar saldo disponível,Consulta Saldo
Verificar saldo da conta corrente,Consulta Saldo
Verificar saldo em conta conjunta,Consulta Saldo
Mostrar saldo bancário,Consulta Saldo
Verificar saldo da conta corrente,Consulta Saldo
Consultar saldo atualizado,Consulta Saldo
Verificar saldo em conta conjunta,Consulta Saldo
Consultar saldo atualizado,Consulta Saldo
Qual é o meu saldo?,Consulta Saldo
Quero saber meu saldo atual,Consulta Saldo
Verificar saldo em conta conjunta,Consulta Saldo
Consulta de saldo na conta salário,Consulta Saldo
Ver saldo disponível no aplicativo,Consulta Saldo
Verificar saldo da conta corrente,Consulta Saldo
Ver saldo disponível no aplicativo,Consulta Saldo
Consultar saldo disponível,Consulta Saldo
Mostrar saldo da poupança,Consulta Saldo
Ver saldo disponível no aplicativo,Consulta Saldo
Consultar saldo atualizado,Consulta Saldo
Verificar saldo da conta corrente,Consulta Saldo
Consultar saldo disponível,Consulta Saldo
Qual é o meu saldo?,Consulta Saldo
Qual é o meu saldo?,Consulta Saldo
Mostrar saldo bancário,Consulta Saldo
Mostrar saldo da poupança,Consulta Saldo
Qual é o meu saldo?,Consulta Saldo
Consultar saldo atualizado,Consulta Saldo
Consulta de saldo na conta salário,Consulta Saldo
Mostrar saldo da poupança,Consulta Saldo
Quero saber meu saldo atual,Consulta Saldo
Mostrar saldo da poupança,Consulta Saldo
Qual é o meu saldo?,Consulta Saldo
Consultar quanto tenho no banco,Consulta Saldo
Consultar saldo disponível,Consulta Saldo
Consultar saldo atualizado,Consulta Saldo
Mostrar saldo da poupança,Consulta Saldo
Consultar quanto tenho no banco,Consulta Saldo
Consulta de saldo na conta salário,Consulta Saldo
Mostrar saldo da poupança,Consulta Saldo
Consultar saldo atualizado,Consulta Saldo
Consultar saldo disponível,Consulta Saldo
Consulta de saldo na conta salário,Consulta Saldo
Qual o saldo que tenho hoje?,Consulta Saldo
Ver saldo disponível no aplicativo,Consulta Saldo
Qual o saldo que tenho hoje?,Consulta Saldo
Mostrar saldo da poupança,Consulta Saldo
Qual o saldo que tenho hoje?,Consulta Saldo
Consulta de saldo na conta salário,Consulta Saldo
Ver saldo disponível no aplicativo,Consulta Saldo
Qual o saldo que tenho hoje?,Consulta Saldo
Ver saldo disponível no aplicativo,Consulta Saldo
Verificar saldo da conta corrente,Consulta Saldo
Mostrar saldo bancário,Consulta Saldo
Qual o saldo que tenho hoje?,Consulta Saldo
Consultar saldo disponível,Consulta Saldo
Verificar saldo em conta conjunta,Consulta Saldo
Consulta de saldo na conta salário,Consulta Saldo
Consultar quanto tenho no banco,Consulta Saldo
Ver saldo disponível no aplicativo,Consulta Saldo
Consultar saldo atualizado,Consulta Saldo
Consultar saldo disponível,Consulta Saldo
Consultar quanto tenho no banco,Consulta Saldo
Consulta de saldo na conta salário,Consulta Saldo
Verificar saldo em conta conjunta,Consulta Saldo
Verificar saldo em conta conjunta,Consulta Saldo
Consultar saldo disponível,Consulta Saldo
Mostrar saldo da poupança,Consulta Saldo
Ver saldo disponível no aplicativo,Consulta Saldo
Mostrar saldo bancário,Consulta Saldo
Qual o saldo que tenho hoje?,Consulta Saldo
Mostrar saldo bancário,Consulta Saldo
Qual é o meu saldo?,Consulta Saldo
Qual é o meu saldo?,Consulta Saldo
Mostrar saldo bancário,Consulta Saldo
Qual é o meu saldo?,Consulta Saldo
Quero saber meu saldo atual,Consulta Saldo
Qual o saldo que tenho hoje?,Consulta Saldo
Consultar saldo disponível,Consulta Saldo
Consulta de saldo na conta salário,Consulta Saldo
Qual é o meu saldo?,Consulta Saldo
Qual é o meu saldo?,Consulta Saldo
Qual é o meu saldo?,Consulta Saldo
Consultar quanto tenho no banco,Consulta Saldo
Qual é o meu saldo?,Consulta Saldo
Ver saldo disponível no aplicativo,Consulta Saldo
Ver saldo disponível no aplicativo,Consulta Saldo
Consultar quanto tenho no banco,Consulta Saldo
Consulta de saldo na conta salário,Consulta Saldo
Verificar saldo em conta conjunta,Consulta Saldo
Consultar saldo disponível,Consulta Saldo
Consultar quanto tenho no banco,Consulta Saldo
Consultar quanto tenho no banco,Consulta Saldo
Consultar saldo atualizado,Consulta Saldo
Verificar saldo em conta conjunta,Consulta Saldo
Qual o saldo que tenho hoje?,Consulta Saldo
Consultar saldo disponível,Consulta Saldo
Quero saber meu saldo atual,Consulta Saldo
Consulta de saldo na conta salário,Consulta Saldo
Mostrar saldo da poupança,Consulta Saldo
Verificar saldo da conta corrente,Consulta Saldo
Ver saldo disponível no aplicativo,Consulta Saldo
Quero saber meu saldo atual,Consulta Saldo
Mostrar saldo da poupança,Consulta Saldo
Consultar quanto tenho no banco,Consulta Saldo
Mostrar saldo bancário,Consulta Saldo
Mostrar saldo da poupança,Consulta Saldo
Qual é o meu saldo?,Consulta Saldo
Consultar quanto tenho no banco,Consulta Saldo
Qual o saldo que tenho hoje?,Consulta Saldo
Consultar saldo disponível,Consulta Saldo
Consultar saldo atualizado,Consulta Saldo
Verificar saldo em conta conjunta,Consulta Saldo
Qual o saldo que tenho hoje?,Consulta Saldo
Consultar saldo atualizado,Consulta Saldo
Mostrar saldo bancário,Consulta Saldo
Quero saber meu saldo atual,Consulta Saldo
Consultar saldo disponível,Consulta Saldo
Quero saber meu saldo atual,Consulta Saldo
Verificar saldo em conta conjunta,Consulta Saldo
Quero saber meu saldo atual,Consulta Saldo
Quero saber meu saldo atual,Consulta Saldo
Consulta de saldo na conta salário,Consulta Saldo
Verificar saldo da conta corrente,Consulta Saldo
Verificar saldo da conta corrente,Consulta Saldo
Verificar saldo em conta conjunta,Consulta Saldo
Mostrar saldo bancário,Consulta Saldo
Qual é o meu saldo?,Consulta Saldo
Consulta de saldo na conta salário,Consulta Saldo
Ver saldo disponível no aplicativo,Consulta Saldo
Mostrar saldo bancário,Consulta Saldo
Qual é o meu saldo?,Consulta Saldo
Ver saldo disponível no aplicativo,Consulta Saldo
Verificar saldo em conta conjunta,Consulta Saldo
Consultar saldo disponível,Consulta Saldo
Mostrar saldo bancário,Consulta Saldo
Mostrar saldo bancário,Consulta Saldo
Mostrar saldo bancário,Consulta Saldo
Consultar quanto tenho no banco,Consulta Saldo
Ver saldo disponível no aplicativo,Consulta Saldo
Verificar saldo em conta conjunta,Consulta Saldo
Mostrar saldo bancário,Consulta Saldo
Qual é o meu saldo?,Consulta Saldo
Ver saldo disponível no aplicativo,Consulta Saldo
Consultar quanto tenho no banco,Consulta Saldo
Qual é o meu saldo?,Consulta Saldo
Consultar quanto tenho no banco,Consulta Saldo
Verificar saldo da conta corrente,Consulta Saldo
Qual o saldo que tenho hoje?,Consulta Saldo
Mostrar saldo da poupança,Consulta Saldo
Consultar quanto tenho no banco,Consulta Saldo
Qual o saldo que tenho hoje?,Consulta Saldo
Consultar quanto tenho no banco,Consulta Saldo
Consultar saldo disponível,Consulta Saldo
Consultar quanto tenho no banco,Consulta Saldo
Quero saber meu saldo atual,Consulta Saldo
Mostrar saldo bancário,Consulta Saldo
Qual é o meu saldo?,Consulta Saldo
Mostrar saldo bancário,Consulta Saldo
Qual o saldo que tenho hoje?,Consulta Saldo
Mostrar saldo da poupança,Consulta Saldo
Consultar saldo atualizado,Consulta Saldo
Consulta de saldo na conta salário,Consulta Saldo
Qual é o meu saldo?,Consulta Saldo
Verificar saldo em conta conjunta,Consulta Saldo
Quero saber meu saldo atual,Consulta Saldo
Qual o saldo que tenho hoje?,Consulta Saldo
Consultar quanto tenho no banco,Consulta Saldo
Consultar quanto tenho no banco,Consulta Saldo
Qual é o meu saldo?,Consulta Saldo
Consultar saldo atualizado,Consulta Saldo
Mostrar saldo bancário,Consulta Saldo
Qual é o meu saldo?,Consulta Saldo
Consultar quanto tenho no banco,Consulta Saldo
Mostrar saldo bancário,Consulta Saldo
Consulta de saldo na conta salário,Consulta Saldo
Mostrar saldo da poupança,Consulta Saldo
Mostrar saldo bancário,Consulta Saldo
Quero saber meu saldo atual,Consulta Saldo
Ver saldo disponível no aplicativo,Consulta Saldo
Ver saldo disponível no aplicativo,Consulta Saldo
Consultar saldo atualizado,Consulta Saldo
Consultar quanto tenho no banco,Consulta Saldo
Mostrar saldo bancário,Consulta Saldo
Verificar saldo em conta conjunta,Consulta Saldo
Verificar saldo em conta conjunta,Consulta Saldo
Consultar saldo disponível,Consulta Saldo
Ver saldo disponível no aplicativo,Consulta Saldo
Mostrar saldo bancário,Consulta Saldo
Mostrar saldo da poupança,Consulta Saldo
Qual o saldo que tenho hoje?,Consulta Saldo
Verificar saldo em conta conjunta,Consulta Saldo
Mostrar saldo bancário,Consulta Saldo
Consultar saldo disponível,Consulta Saldo
Verificar saldo da conta corrente,Consulta Saldo
Consulta de saldo na conta salário,Consulta Saldo
Ver saldo disponível no aplicativo,Consulta Saldo
Mostrar saldo bancário,Consulta Saldo
Qual o saldo que tenho hoje?,Consulta Saldo
Qual o saldo que tenho hoje?,Consulta Saldo
Qual o saldo que tenho hoje?,Consulta Saldo
Consultar quanto tenho no banco,Consulta Saldo
Verificar saldo em conta conjunta,Consulta Saldo
Qual o saldo que tenho hoje?,Consulta Saldo
Qual é o meu saldo?,Consulta Saldo
Qual é o meu saldo?,Consulta Saldo
Qual o saldo que tenho hoje?,Consulta Saldo
Consultar quanto tenho no banco,Consulta Saldo
Consulta de saldo na conta salário,Consulta Saldo
Consultar quanto tenho no banco,Consulta Saldo
Consultar quanto tenho no banco,Consulta Saldo
Verificar saldo em conta conjunta,Consulta Saldo
Ver saldo disponível no aplicativo,Consulta Saldo
Mostrar saldo da poupança,Consulta Saldo
Mostrar saldo da poupança,Consulta Saldo
Mostrar saldo da poupança,Consulta Saldo
Qual o saldo que tenho hoje?,Consulta Saldo
Qual o saldo que tenho hoje?,Consulta Saldo
Qual o saldo que tenho hoje?,Consulta Saldo
Verificar saldo da conta corrente,Consulta Saldo
Verificar saldo da conta corrente,Consulta Saldo
Consultar quanto tenho no banco,Consulta Saldo
Ver saldo disponível no aplicativo,Consulta Saldo
Mostrar saldo bancário,Consulta Saldo
Verificar saldo da conta corrente,Consulta Saldo
Verificar saldo da conta corrente,Consulta Saldo
Consultar saldo atualizado,Consulta Saldo
Ver saldo disponível no aplicativo,Consulta Saldo
Ver saldo disponível no aplicativo,Consulta Saldo
Mostrar saldo da poupança,Consulta Saldo
Qual o saldo que tenho hoje?,Consulta Saldo
Consulta de saldo na conta salário,Consulta Saldo
Ver saldo disponível no aplicativo,Consulta Saldo
Consultar saldo atualizado,Consulta Saldo
Mostrar saldo da poupança,Consulta Saldo
Mostrar saldo da poupança,Consulta Saldo
Qual o saldo que tenho hoje?,Consulta Saldo
Consultar quanto tenho no banco,Consulta Saldo
Consulta de saldo na conta salário,Consulta Saldo
Mostrar saldo bancário,Consulta Saldo
Mostrar saldo da poupança,Consulta Saldo
Consultar quanto tenho no banco,Consulta Saldo
Consulta de saldo na conta salário,Consulta Saldo
Qual é o meu saldo?,Consulta Saldo
Mostrar saldo da poupança,Consulta Saldo
Qual é o meu saldo?,Consulta Saldo
Consulta de saldo na conta salário,Consulta Saldo
Mostrar saldo da poupança,Consulta Saldo
Mostrar saldo da poupança,Consulta Saldo
Verificar saldo em conta conjunta,Consulta Saldo
Consulta de saldo na conta salário,Consulta Saldo
Consultar saldo atualizado,Consulta Saldo
Mostrar saldo bancário,Consulta Saldo
Verificar saldo da conta corrente,Consulta Saldo
Mostrar saldo bancário,Consulta Saldo
Verificar saldo da conta corrente,Consulta Saldo
Consultar quanto tenho no banco,Consulta Saldo
Qual o saldo que tenho hoje?,Consulta Saldo
Mostrar saldo da poupança,Consulta Saldo
Mostrar saldo da poupança,Consulta Saldo
Consultar quanto tenho no banco,Consulta Saldo
Ver saldo disponível no aplicativo,Consulta Saldo
Qual o saldo que tenho hoje?,Consulta Saldo
Qual é o meu saldo?,Consulta Saldo
Verificar saldo em conta conjunta,Consulta Saldo
Quero saber meu saldo atual,Consulta Saldo
Consultar saldo disponível,Consulta Saldo
Verificar saldo da conta corrente,Consulta Saldo
Qual o saldo que tenho hoje?,Consulta Saldo
Mostrar saldo da poupança,Consulta Saldo
Quero saber meu saldo atual,Consulta Saldo
Mostrar saldo da poupança,Consulta Saldo
Consultar quanto tenho no banco,Consulta Saldo
Consulta de saldo na conta salário,Consulta Saldo
Verificar saldo da conta corrente,Consulta Saldo
Verificar saldo da conta corrente,Consulta Saldo
Quero saber meu saldo atual,Consulta Saldo
Consultar saldo disponível,Consulta Saldo
Verificar saldo da conta corrente,Consulta Saldo
Qual é o meu saldo?,Consulta Saldo
Consultar quanto tenho no banco,Consulta Saldo
Verificar saldo em conta conjunta,Consulta Saldo
Verificar saldo da conta corrente,Consulta Saldo
Mostrar saldo bancário,Consulta Saldo
Ver saldo disponível no aplicativo,Consulta Saldo
Mostrar saldo da poupança,Consulta Saldo
Verificar saldo em conta conjunta,Consulta Saldo
Mostrar saldo bancário,Consulta Saldo
Ver saldo disponível no aplicativo,Consulta Saldo
Quero saber meu saldo atual,Consulta Saldo
Verificar saldo em conta conjunta,Consulta Saldo
Verificar saldo da conta corrente,Consulta Saldo
Consultar saldo disponível,Consulta Saldo
Qual o saldo que tenho hoje?,Consulta Saldo
Consulta de saldo na conta salário,Consulta Saldo
Qual o saldo que tenho hoje?,Consulta Saldo
Mostrar saldo da poupança,Consulta Saldo
Qual é o meu saldo?,Consulta Saldo
Consultar quanto tenho no banco,Consulta Saldo
Consultar saldo atualizado,Consulta Saldo
Qual o saldo que tenho hoje?,Consulta Saldo
Consultar saldo atualizado,Consulta Saldo
Mostrar saldo da poupança,Consulta Saldo
Consultar saldo disponível,Consulta Saldo
Ver saldo disponível no aplicativo,Consulta Saldo
Quero saber meu saldo atual,Consulta Saldo
Verificar saldo da conta corrente,Consulta Saldo
Consulta de saldo na conta salário,Consulta Saldo
Qual é o meu saldo?,Consulta Saldo
Consultar quanto tenho no banco,Consulta Saldo
Quero saber meu saldo atual,Consulta Saldo
Qual o saldo que tenho hoje?,Consulta Saldo
Verificar saldo da conta corrente,Consulta Saldo
Verificar saldo da conta corrente,Consulta Saldo
Verificar saldo em conta conjunta,Consulta Saldo
Qual o saldo que tenho hoje?,Consulta Saldo
Mostrar saldo da poupança,Consulta Saldo
Consultar quanto tenho no banco,Consulta Saldo
Consultar quanto tenho no banco,Consulta Saldo
Consultar saldo disponível,Consulta Saldo
Qual é o meu saldo?,Consulta Saldo
Consultar quanto tenho no banco,Consulta Saldo
Consulta de saldo na conta salário,Consulta Saldo
Verificar saldo da conta corrente,Consulta Saldo
Verificar saldo em conta conjunta,Consulta Saldo
Qual o saldo que tenho hoje?,Consulta Saldo
Consulta de saldo na conta salário,Consulta Saldo
Consultar saldo disponível,Consulta Saldo
Consultar saldo disponível,Consulta Saldo
Mostrar saldo bancário,Consulta Saldo
Mostrar saldo bancário,Consulta Saldo
Mostrar saldo da poupança,Consulta Saldo
Consultar quanto tenho no banco,Consulta Saldo
Ver saldo disponível no aplicativo,Consulta Saldo
Consultar quanto tenho no banco,Consulta Saldo
Consultar saldo disponível,Consulta Saldo
Consulta de saldo na conta salário,Consulta Saldo
Verificar saldo da conta corrente,Consulta Saldo
Consultar saldo disponível,Consulta Saldo
Mostrar saldo bancário,Consulta Saldo
Solicitar orçamento de compra,Outro
Agendar revisão do carro,Outro
Organizar documentos do escritório,Outro
Confirmar presença no evento,Outro
Pedir orçamento para reforma,Outro
Agendar reunião com o cliente,Outro
Agendar ligação para amanhã,Outro
Atualizar dados cadastrais do cliente,Outro
Agendar reunião com o cliente,Outro
Solicitar orçamento de compra,Outro
Pedir orçamento para reforma,Outro
Marcar consulta médica,Outro
Organizar documentos do escritório,Outro
Agendar reunião com o cliente,Outro
Solicitar orçamento de compra,Outro
Enviar proposta comercial,Outro
Marcar consulta médica,Outro
Pedir orçamento para reforma,Outro
Atualizar dados cadastrais do cliente,Outro
Agendar revisão do carro,Outro
Anotar lembrete para reunião,Outro
Anotar lembrete para reunião,Outro
Atualizar dados cadastrais do cliente,Outro
Agendar reunião com o cliente,Outro
Enviar email de boas-vindas,Outro
Confirmar presença no evento,Outro
Agendar ligação para amanhã,Outro
Agendar ligação para amanhã,Outro
Organizar documentos do escritório,Outro
Confirmar presença no evento,Outro
Atualizar dados cadastrais do cliente,Outro
Enviar proposta comercial,Outro
Confirmar presença no evento,Outro
Organizar documentos do escritório,Outro
Marcar consulta médica,Outro
Anotar lembrete para reunião,Outro
Enviar email de boas-vindas,Outro
Anotar lembrete para reunião,Outro
Agendar reunião com o cliente,Outro
Anotar lembrete para reunião,Outro
Atualizar dados cadastrais do cliente,Outro
Agendar revisão do carro,Outro
Agendar ligação para amanhã,Outro
Organizar documentos do escritório,Outro
Anotar lembrete para reunião,Outro
Agendar ligação para amanhã,Outro
Organizar documentos do escritório,Outro
Enviar email de boas-vindas,Outro
Anotar lembrete para reunião,Outro
Agendar reunião com o cliente,Outro
Confirmar presença no evento,Outro
Anotar lembrete para reunião,Outro
Confirmar presença no evento,Outro
Agendar revisão do carro,Outro
Agendar reunião com o cliente,Outro
Agendar ligação para amanhã,Outro
Marcar consulta médica,Outro
Enviar email de boas-vindas,Outro
Atualizar dados cadastrais do cliente,Outro
Atualizar dados cadastrais do cliente,Outro
Anotar lembrete para reunião,Outro
Pedir orçamento para reforma,Outro
Anotar lembrete para reunião,Outro
Marcar consulta médica,Outro
Confirmar presença no evento,Outro
Anotar lembrete para reunião,Outro
Pedir orçamento para reforma,Outro
Marcar consulta médica,Outro
Enviar proposta comercial,Outro
Anotar lembrete para reunião,Outro
Organizar documentos do escritório,Outro
Agendar reunião com o cliente,Outro
Organizar documentos do escritório,Outro
Pedir orçamento para reforma,Outro
Agendar ligação para amanhã,Outro
Pedir orçamento para reforma,Outro
Anotar lembrete para reunião,Outro
Agendar revisão do carro,Outro
Agendar reunião com o cliente,Outro
Confirmar presença no evento,Outro
Marcar consulta médica,Outro
Marcar consulta médica,Outro
Agendar reunião com o cliente,Outro
Atualizar dados cadastrais do cliente,Outro
Pedir orçamento para reforma,Outro
Agendar ligação para amanhã,Outro
Solicitar orçamento de compra,Outro
Pedir orçamento para reforma,Outro
Enviar email de boas-vindas,Outro
Agendar ligação para amanhã,Outro
Atualizar dados cadastrais do cliente,Outro
Marcar consulta médica,Outro
Anotar lembrete para reunião,Outro
Agendar revisão do carro,Outro
Anotar lembrete para reunião,Outro
Enviar email de boas-vindas,Outro
Enviar email de boas-vindas,Outro
Atualizar dados cadastrais do cliente,Outro
Enviar email de boas-vindas,Outro
Solicitar orçamento de compra,Outro
Solicitar orçamento de compra,Outro
Anotar lembrete para reunião,Outro
Pedir orçamento para reforma,Outro
Solicitar orçamento de compra,Outro
Solicitar orçamento de compra,Outro
Anotar lembrete para reunião,Outro
Enviar proposta comercial,Outro
Enviar email de boas-vindas,Outro
Atualizar dados cadastrais do cliente,Outro
Confirmar presença no evento,Outro
Atualizar dados cadastrais do cliente,Outro
Marcar consulta médica,Outro
Organizar documentos do escritório,Outro
Confirmar presença no evento,Outro
Anotar lembrete para reunião,Outro
Atualizar dados cadastrais do cliente,Outro
Organizar documentos do escritório,Outro
Solicitar orçamento de compra,Outro
Organizar documentos do escritório,Outro
Marcar consulta médica,Outro
Enviar proposta comercial,Outro
Agendar revisão do carro,Outro
Anotar lembrete para reunião,Outro
Marcar consulta médica,Outro
Organizar documentos do escritório,Outro
Organizar documentos do escritório,Outro
Organizar documentos do escritório,Outro
Atualizar dados cadastrais do cliente,Outro
Agendar reunião com o cliente,Outro
Solicitar orçamento de compra,Outro
Pedir orçamento para reforma,Outro
Solicitar orçamento de compra,Outro
Agendar reunião com o cliente,Outro
Anotar lembrete para reunião,Outro
Marcar consulta médica,Outro
Solicitar orçamento de compra,Outro
Agendar reunião com o cliente,Outro
Solicitar orçamento de compra,Outro
Solicitar orçamento de compra,Outro
Enviar proposta comercial,Outro
Agendar revisão do carro,Outro
Confirmar presença no evento,Outro
Agendar reunião com o cliente,Outro
Anotar lembrete para reunião,Outro
Organizar documentos do escritório,Outro
Agendar revisão do carro,Outro
Agendar reunião com o cliente,Outro
Agendar ligação para amanhã,Outro
Enviar email de boas-vindas,Outro
Pedir orçamento para reforma,Outro
Enviar proposta comercial,Outro
Pedir orçamento para reforma,Outro
Enviar proposta comercial,Outro
Agendar reunião com o cliente,Outro
Marcar consulta médica,Outro
Atualizar dados cadastrais do cliente,Outro
Agendar ligação para amanhã,Outro
Enviar email de boas-vindas,Outro
Organizar documentos do escritório,Outro
Enviar proposta comercial,Outro
Enviar proposta comercial,Outro
Organizar documentos do escritório,Outro
Pedir orçamento para reforma,Outro
Agendar ligação para amanhã,Outro
Atualizar dados cadastrais do cliente,Outro
Solicitar orçamento de compra,Outro
Organizar documentos do escritório,Outro
Confirmar presença no evento,Outro
Agendar revisão do carro,Outro
Marcar consulta médica,Outro
Enviar proposta comercial,Outro
Pedir orçamento para reforma,Outro
Anotar lembrete para reunião,Outro
Marcar consulta médica,Outro
Organizar documentos do escritório,Outro
Confirmar presença no evento,Outro
Enviar email de boas-vindas,Outro
Enviar email de boas-vindas,Outro
Confirmar presença no evento,Outro
Organizar documentos do escritório,Outro
Solicitar orçamento de compra,Outro
Enviar email de boas-vindas,Outro
Agendar ligação para amanhã,Outro
Agendar reunião com o cliente,Outro
Marcar consulta médica,Outro
Organizar documentos do escritório,Outro
Atualizar dados cadastrais do cliente,Outro
Confirmar presença no evento,Outro
Organizar documentos do escritório,Outro
Marcar consulta médica,Outro
Enviar email de boas-vindas,Outro
Enviar email de boas-vindas,Outro
Anotar lembrete para reunião,Outro
Agendar reunião com o cliente,Outro
Enviar proposta comercial,Outro
Solicitar orçamento de compra,Outro
Agendar ligação para amanhã,Outro
Pedir orçamento para reforma,Outro
Marcar consulta médica,Outro
Solicitar orçamento de compra,Outro
Confirmar presença no evento,Outro
Enviar email de boas-vindas,Outro
Pedir orçamento para reforma,Outro
Organizar documentos do escritório,Outro
Pedir orçamento para reforma,Outro
Solicitar orçamento de compra,Outro
Organizar documentos do escritório,Outro
Enviar proposta comercial,Outro
Pedir orçamento para reforma,Outro
Pedir orçamento para reforma,Outro
Agendar reunião com o cliente,Outro
Anotar lembrete para reunião,Outro
Enviar proposta comercial,Outro
Anotar lembrete para reunião,Outro
Agendar reunião com o cliente,Outro
Agendar reunião com o cliente,Outro
Organizar documentos do escritório,Outro
Confirmar presença no evento,Outro
Solicitar orçamento de compra,Outro
Atualizar dados cadastrais do cliente,Outro
Agendar ligação para amanhã,Outro
Pedir orçamento para reforma,Outro
Organizar documentos do escritório,Outro
Marcar consulta médica,Outro
Confirmar presença no evento,Outro
Organizar documentos do escritório,Outro
Agendar reunião com o cliente,Outro
Organizar documentos do escritório,Outro
Solicitar orçamento de compra,Outro
Agendar ligação para amanhã,Outro
Organizar documentos do escritório,Outro
Solicitar orçamento de compra,Outro
Marcar consulta médica,Outro
Agendar revisão do carro,Outro
Organizar documentos do escritório,Outro
Enviar proposta comercial,Outro
Agendar reunião com o cliente,Outro
Organizar documentos do escritório,Outro
Enviar email de boas-vindas,Outro
Anotar lembrete para reunião,Outro
Atualizar dados cadastrais do cliente,Outro
Organizar documentos do escritório,Outro
Agendar revisão do carro,Outro
Agendar reunião com o cliente,Outro
Agendar revisão do carro,Outro
Anotar lembrete para reunião,Outro
Agendar ligação para amanhã,Outro
Confirmar presença no evento,Outro
Agendar reunião com o cliente,Outro
Enviar email de boas-vindas,Outro
Enviar proposta comercial,Outro
Solicitar orçamento de compra,Outro
Confirmar presença no evento,Outro
Enviar email de boas-vindas,Outro
Enviar email de boas-vindas,Outro
Organizar documentos do escritório,Outro
Confirmar presença no evento,Outro
Enviar proposta comercial,Outro
Organizar documentos do escritório,Outro
Agendar reunião com o cliente,Outro
Agendar revisão do carro,Outro
Organizar documentos do escritório,Outro
Agendar reunião com o cliente,Outro
Anotar lembrete para reunião,Outro
Agendar reunião com o cliente,Outro
Solicitar orçamento de compra,Outro
Solicitar orçamento de compra,Outro
Confirmar presença no evento,Outro
Agendar ligação para amanhã,Outro
Organizar documentos do escritório,Outro
Agendar reunião com o cliente,Outro
Atualizar dados cadastrais do cliente,Outro
Pedir orçamento para reforma,Outro
Anotar lembrete para reunião,Outro
Enviar proposta comercial,Outro
Organizar documentos do escritório,Outro
Pedir orçamento para reforma,Outro
Atualizar dados cadastrais do cliente,Outro
Agendar reunião com o cliente,Outro
Organizar documentos do escritório,Outro
Agendar revisão do carro,Outro
Anotar lembrete para reunião,Outro
Atualizar dados cadastrais do cliente,Outro
Agendar revisão do carro,Outro
Pedir orçamento para reforma,Outro
Pedir orçamento para reforma,Outro
Atualizar dados cadastrais do cliente,Outro
Agendar ligação para amanhã,Outro
Confirmar presença no evento,Outro
Anotar lembrete para reunião,Outro
Pedir orçamento para reforma,Outro
Enviar email de boas-vindas,Outro
Organizar documentos do escritório,Outro
Organizar documentos do escritório,Outro
Organizar documentos do escritório,Outro
Marcar consulta médica,Outro
Confirmar presença no evento,Outro
Solicitar orçamento de compra,Outro
Agendar reunião com o cliente,Outro
Enviar email de boas-vindas,Outro
Agendar revisão do carro,Outro
Enviar email de boas-vindas,Outro
Anotar lembrete para reunião,Outro
Marcar consulta médica,Outro
Agendar reunião com o cliente,Outro
Pedir orçamento para reforma,Outro
Enviar proposta comercial,Outro
Enviar proposta comercial,Outro
Agendar reunião com o cliente,Outro
Enviar email de boas-vindas,Outro
Atualizar dados cadastrais do cliente,Outro
Confirmar presença no evento,Outro
Organizar documentos do escritório,Outro
Confirmar presença no evento,Outro
Confirmar presença no evento,Outro
Enviar proposta comercial,Outro
Solicitar orçamento de compra,Outro
Atualizar dados cadastrais do cliente,Outro
Solicitar orçamento de compra,Outro
Enviar email de boas-vindas,Outro
Agendar revisão do carro,Outro
Agendar ligação para amanhã,Outro
Agendar reunião com o cliente,Outro
Marcar consulta médica,Outro
Organizar documentos do escritório,Outro
Atualizar dados cadastrais do cliente,Outro
Agendar reunião com o cliente,Outro
Confirmar presença no evento,Outro
Agendar revisão do carro,Outro
Atualizar dados cadastrais do cliente,Outro
Organizar documentos do escritório,Outro
Confirmar presença no evento,Outro
Agendar ligação para amanhã,Outro
Agendar reunião com o cliente,Outro
Anotar lembrete para reunião,Outro
Agendar revisão do carro,Outro
Organizar documentos do escritório,Outro
Agendar ligação para amanhã,Outro
Agendar ligação para amanhã,Outro
Agendar revisão do carro,Outro
Atualizar dados cadastrais do cliente,Outro
Enviar proposta comercial,Outro
Enviar email de boas-vindas,Outro
Organizar documentos do escritório,Outro
Enviar email de boas-vindas,Outro
Pedir orçamento para reforma,Outro
Organizar documentos do escritório,Outro
Enviar proposta comercial,Outro
Agendar revisão do carro,Outro
Atualizar dados cadastrais do cliente,Outro
Organizar documentos do escritório,Outro
Atualizar dados cadastrais do cliente,Outro
Atualizar dados cadastrais do cliente,Outro
Atualizar dados cadastrais do cliente,Outro
Confirmar presença no evento,Outro
Solicitar orçamento de compra,Outro
Pedir orçamento para reforma,Outro
Agendar reunião com o cliente,Outro
Confirmar presença no evento,Outro
Agendar revisão do carro,Outro
Enviar proposta comercial,Outro
Atualizar dados cadastrais do cliente,Outro
Enviar email de boas-vindas,Outro
Anotar lembrete para reunião,Outro
Solicitar orçamento de compra,Outro
Solicitar orçamento de compra,Outro
Marcar consulta médica,Outro
Atualizar dados cadastrais do cliente,Outro
Organizar documentos do escritório,Outro
Pedir orçamento para reforma,Outro
Agendar reunião com o cliente,Outro
Marcar consulta médica,Outro
Enviar proposta comercial,Outro
Organizar documentos do escritório,Outro
Marcar consulta médica,Outro
Pedir orçamento para reforma,Outro
Pedir orçamento para reforma,Outro
Atualizar dados cadastrais do cliente,Outro
Marcar consulta médica,Outro
Enviar proposta comercial,Outro
Enviar email de boas-vindas,Outro
Confirmar presença no evento,Outro
Marcar consulta médica,Outro
Agendar revisão do carro,Outro
Agendar reunião com o cliente,Outro
Pedir orçamento para reforma,Outro
Enviar email de boas-vindas,Outro
Organizar documentos do escritório,Outro
Organizar documentos do escritório,Outro
Anotar lembrete para reunião,Outro
Atualizar dados cadastrais do cliente,Outro
Pedir orçamento para reforma,Outro
Confirmar presença no evento,Outro
Agendar revisão do carro,Outro
Enviar email de boas-vindas,Outro
Agendar revisão do carro,Outro
Confirmar presença no evento,Outro
Enviar email de boas-vindas,Outro
Organizar documentos do escritório,Outro
Pedir orçamento para reforma,Outro
Anotar lembrete para reunião,Outro
Confirmar presença no evento,Outro
Agendar revisão do carro,Outro
Anotar lembrete para reunião,Outro
Enviar email de boas-vindas,Outro
Marcar consulta médica,Outro
Organizar documentos do escritório,Outro
Agendar reunião com o cliente,Outro
Agendar ligação para amanhã,Outro
Solicitar orçamento de compra,Outro
Confirmar presença no evento,Outro
Atualizar dados cadastrais do cliente,Outro
Marcar consulta médica,Outro
Confirmar presença no evento,Outro
Solicitar orçamento de compra,Outro
Enviar proposta comercial,Outro
Confirmar presença no evento,Outro
Solicitar orçamento de compra,Outro
Agendar reunião com o cliente,Outro
Anotar lembrete para reunião,Outro
Organizar documentos do escritório,Outro
Pedir orçamento para reforma,Outro
Atualizar dados cadastrais do cliente,Outro
Agendar revisão do carro,Outro
Confirmar presença no evento,Outro
Enviar proposta comercial,Outro
Pedir orçamento para reforma,Outro
Marcar consulta médica,Outro
Agendar reunião com o cliente,Outro
Solicitar orçamento de compra,Outro
Solicitar orçamento de compra,Outro
Enviar email de boas-vindas,Outro
Atualizar dados cadastrais do cliente,Outro
Atualizar dados cadastrais do cliente,Outro
Confirmar presença no evento,Outro
Anotar lembrete para reunião,Outro
Pedir orçamento para reforma,Outro
Pedir orçamento para reforma,Outro
Enviar proposta comercial,Outro
Anotar lembrete para reunião,Outro
Solicitar orçamento de compra,Outro
Confirmar presença no evento,Outro
Atualizar dados cadastrais do cliente,Outro
Pedir orçamento para reforma,Outro
Agendar reunião com o cliente,Outro
Agendar reunião com o cliente,Outro
Agendar ligação para amanhã,Outro
Pedir orçamento para reforma,Outro
Agendar ligação para amanhã,Outro
Atualizar dados cadastrais do cliente,Outro
Agendar reunião com o cliente,Outro
Organizar documentos do escritório,Outro
Agendar ligação para amanhã,Outro
Enviar email de boas-vindas,Outro
Solicitar orçamento de compra,Outro
Organizar documentos do escritório,Outro
Enviar email de boas-vindas,Outro
Agendar reunião com o cliente,Outro
Solicitar orçamento de compra,Outro
Marcar consulta médica,Outro
Confirmar presença no evento,Outro
Enviar email de boas-vindas,Outro
Solicitar orçamento de compra,Outro
Organizar documentos do escritório,Outro
Solicitar orçamento de compra,Outro
Agendar reunião com o cliente,Outro
Organizar documentos do escritório,Outro
Marcar consulta médica,Outro
Solicitar orçamento de compra,Outro
Enviar proposta comercial,Outro
Anotar lembrete para reunião,Outro
Enviar email de boas-vindas,Outro
Agendar reunião com o cliente,Outro
Solicitar orçamento de compra,Outro
Anotar lembrete para reunião,Outro
Enviar email de boas-vindas,Outro
Enviar proposta comercial,Outro
Solicitar orçamento de compra,Outro
Confirmar presença no evento,Outro
Confirmar presença no evento,Outro
Agendar revisão do carro,Outro
Pedir orçamento para reforma,Outro
Enviar proposta comercial,Outro
Solicitar orçamento de compra,Outro
Atualizar dados cadastrais do cliente,Outro
Marcar consulta médica,Outro
Pedir orçamento para reforma,Outro
Marcar consulta médica,Outro
Enviar email de boas-vindas,Outro
Atualizar dados cadastrais do cliente,Outro
Atualizar dados cadastrais do cliente,Outro
Enviar proposta comercial,Outro
Organizar documentos do escritório,Outro
Solicitar orçamento de compra,Outro
Enviar proposta comercial,Outro
Confirmar presença no evento,Outro
Agendar revisão do carro,Outro
Enviar proposta comercial,Outro
Solicitar orçamento de compra,Outro
Marcar consulta médica,Outro
